filename,object_id,class,confidence_score,bbox_x1,bbox_y1,bbox_x2,bbox_y2
ダウンロード - 2025-12-11T102203.131.jpg,1,vehicle,0.5312,469,52,617,150
ダウンロード - 2025-12-11T100049.326.jpg,1,vehicle,0.9241,1649,180,1920,466
ダウンロード - 2025-12-11T100049.326.jpg,2,vehicle,0.924,1053,141,1373,477
ダウンロード - 2025-12-11T100049.326.jpg,3,vehicle,0.9232,595,146,957,525
ダウンロード - 2025-12-11T100049.326.jpg,4,vehicle,0.9083,240,150,642,494
ダウンロード - 2025-12-11T100049.326.jpg,5,vehicle,0.9047,2,206,353,514
ダウンロード - 2025-12-11T100049.326.jpg,6,vehicle,0.7926,1013,46,1174,165
ダウンロード - 2025-12-11T100049.326.jpg,7,vehicle,0.6401,631,75,741,156
ダウンロード - 2025-12-11T100049.326.jpg,8,vehicle,0.4488,816,30,948,135
ダウンロード - 2025-12-11T100049.326.jpg,9,vehicle,0.2628,1439,71,1528,120
ダウンロード - 2025-12-11T100049.326.jpg,10,vehicle,0.2504,1378,58,1530,124
ダウンロード (94).jpg,1,vehicle,0.9107,727,194,1121,417
ダウンロード (94).jpg,2,vehicle,0.9068,536,186,902,380
ダウンロード (94).jpg,3,vehicle,0.8874,406,189,715,365
ダウンロード (94).jpg,4,person,0.8652,0,618,298,1071
ダウンロード (94).jpg,5,vehicle,0.821,0,274,70,358
ダウンロード (94).jpg,6,vehicle,0.6397,1043,173,1400,452
ダウンロード (94).jpg,7,person,0.3958,1562,759,1917,1077
ダウンロード - 2025-12-11T104819.041.jpg,1,vehicle,0.8608,1458,176,1848,482
ダウンロード - 2025-12-11T104819.041.jpg,2,vehicle,0.7925,1719,221,1919,510
ダウンロード - 2025-12-11T104819.041.jpg,3,vehicle,0.3945,1643,156,1722,194
ダウンロード - 2025-12-11T105407.514.jpg,1,vehicle,0.8021,18,392,449,630
ダウンロード - 2025-12-11T105407.514.jpg,2,vehicle,0.6594,162,168,443,349
ダウンロード - 2025-12-11T105407.514.jpg,3,vehicle,0.3433,718,106,834,185
ダウンロード (51).jpg,1,vehicle,0.7662,1137,222,1342,440
ダウンロード (51).jpg,2,vehicle,0.7388,632,219,894,411
ダウンロード (51).jpg,3,vehicle,0.6726,185,261,400,413
ダウンロード (24).jpg,1,vehicle,0.9229,1694,503,1919,1016
ダウンロード (24).jpg,2,vehicle,0.9149,503,211,854,413
ダウンロード (24).jpg,3,vehicle,0.8901,308,255,578,486
ダウンロード (24).jpg,4,vehicle,0.8157,870,181,1151,310
ダウンロード (24).jpg,5,vehicle,0.7561,1029,169,1297,279
ダウンロード (24).jpg,6,vehicle,0.7448,100,351,341,580
ダウンロード (24).jpg,7,vehicle,0.7366,760,221,1005,334
ダウンロード (24).jpg,8,vehicle,0.6341,1828,410,1919,541
ダウンロード (24).jpg,9,vehicle,0.6141,1876,297,1919,407
ダウンロード (24).jpg,10,vehicle,0.5495,1471,141,1558,212
ダウンロード (24).jpg,11,vehicle,0.5301,1127,156,1296,241
ダウンロード (24).jpg,12,vehicle,0.514,1763,161,1802,202
ダウンロード (24).jpg,13,vehicle,0.4749,1283,128,1486,232
ダウンロード (24).jpg,14,vehicle,0.3729,1708,167,1745,196
ダウンロード (24).jpg,15,vehicle,0.3551,1827,168,1859,207
ダウンロード (92).jpg,1,vehicle,0.9055,1232,276,1639,621
ダウンロード (92).jpg,2,vehicle,0.9026,891,261,1238,597
ダウンロード (92).jpg,3,person,0.7794,744,980,1114,1079
ダウンロード (92).jpg,4,vehicle,0.6423,1787,306,1919,566
ダウンロード - 2025-12-11T104757.301.jpg,1,vehicle,0.9197,1584,338,1918,623
ダウンロード - 2025-12-11T104757.301.jpg,2,person,0.8472,264,883,532,1077
ダウンロード - 2025-12-11T104757.301.jpg,3,person,0.4267,0,862,162,1077
ダウンロード - 2025-12-11T100031.436.jpg,1,vehicle,0.9458,1128,197,1550,507
ダウンロード - 2025-12-11T100031.436.jpg,2,vehicle,0.9038,1474,274,1834,664
ダウンロード - 2025-12-11T100031.436.jpg,3,vehicle,0.892,849,189,1282,433
ダウンロード - 2025-12-11T100031.436.jpg,4,vehicle,0.584,1552,159,1655,246
ダウンロード - 2025-12-11T100031.436.jpg,5,vehicle,0.5737,0,758,310,1077
ダウンロード - 2025-12-11T100031.436.jpg,6,vehicle,0.2536,1388,124,1558,219
ダウンロード - 2025-12-11T095730.150.jpg,1,vehicle,0.9193,1615,151,1917,354
ダウンロード - 2025-12-11T095730.150.jpg,2,vehicle,0.9031,2,552,856,1072
ダウンロード - 2025-12-11T095730.150.jpg,3,vehicle,0.8698,406,228,1047,490
ダウンロード - 2025-12-11T095730.150.jpg,4,vehicle,0.8456,75,321,941,803
ダウンロード - 2025-12-11T095730.150.jpg,5,vehicle,0.8337,1815,274,1919,434
ダウンロード - 2025-12-11T095730.150.jpg,6,vehicle,0.8303,573,116,1006,261
ダウンロード - 2025-12-11T095730.150.jpg,7,vehicle,0.792,418,171,1005,313
ダウンロード - 2025-12-11T095730.150.jpg,8,vehicle,0.7454,1583,107,1836,214
ダウンロード - 2025-12-11T095730.150.jpg,9,vehicle,0.6829,85,283,892,556
ダウンロード - 2025-12-11T095730.150.jpg,10,vehicle,0.5196,658,50,959,147
ダウンロード - 2025-12-11T095730.150.jpg,11,vehicle,0.4476,1578,88,1709,163
ダウンロード - 2025-12-11T095730.150.jpg,12,vehicle,0.3331,608,94,996,180
ダウンロード - 2025-12-11T095730.150.jpg,13,vehicle,0.3238,657,759,912,1075
ダウンロード (9).jpg,1,vehicle,0.8962,716,215,1186,549
ダウンロード (9).jpg,2,vehicle,0.8932,1052,260,1446,534
ダウンロード (9).jpg,3,vehicle,0.8778,439,218,714,519
ダウンロード (9).jpg,4,vehicle,0.8722,1275,268,1624,525
ダウンロード (9).jpg,5,vehicle,0.7484,1464,307,1746,522
ダウンロード (9).jpg,6,person,0.3467,1856,415,1895,529
ダウンロード - 2025-12-11T101453.718.jpg,1,vehicle,0.8734,1138,210,1246,300
ダウンロード - 2025-12-11T101453.718.jpg,2,vehicle,0.8539,997,200,1131,303
ダウンロード - 2025-12-11T101453.718.jpg,3,vehicle,0.8438,875,212,1011,306
ダウンロード - 2025-12-11T101453.718.jpg,4,vehicle,0.8011,0,542,86,779
ダウンロード - 2025-12-11T101453.718.jpg,5,vehicle,0.7972,1647,376,1918,605
ダウンロード - 2025-12-11T101453.718.jpg,6,vehicle,0.771,1620,227,1749,321
ダウンロード - 2025-12-11T101453.718.jpg,7,vehicle,0.678,1510,215,1632,315
ダウンロード - 2025-12-11T101453.718.jpg,8,vehicle,0.5586,1402,206,1487,311
ダウンロード (45).jpg,1,vehicle,0.817,422,337,727,512
ダウンロード (45).jpg,2,vehicle,0.7454,668,305,947,509
ダウンロード (45).jpg,3,vehicle,0.7403,849,302,1181,531
ダウンロード (45).jpg,4,vehicle,0.7367,211,380,388,502
ダウンロード (45).jpg,5,vehicle,0.734,301,357,546,501
ダウンロード (45).jpg,6,vehicle,0.7336,89,347,362,510
ダウンロード (45).jpg,7,vehicle,0.4997,417,368,585,511
ダウンロード (45).jpg,8,vehicle,0.4684,60,390,176,503
ダウンロード (45).jpg,9,vehicle,0.3377,5,404,98,502
ダウンロード (45).jpg,10,person,0.2811,1320,309,1367,357
ダウンロード (45).jpg,11,person,0.2629,1216,308,1276,352
ダウンロード (72).jpg,1,vehicle,0.9071,1446,292,1921,834
ダウンロード (72).jpg,2,person,0.901,1564,367,1803,879
ダウンロード (72).jpg,3,vehicle,0.8649,1280,811,1919,1071
ダウンロード (72).jpg,4,vehicle,0.8382,1224,193,1905,607
ダウンロード (72).jpg,5,vehicle,0.706,847,225,947,291
ダウンロード (72).jpg,6,vehicle,0.6932,1066,201,1171,276
ダウンロード (29).jpg,1,vehicle,0.8534,560,337,818,526
ダウンロード (29).jpg,2,vehicle,0.7965,1610,355,1904,615
ダウンロード (29).jpg,3,vehicle,0.7321,737,338,1046,549
ダウンロード (29).jpg,4,vehicle,0.7215,72,346,347,516
ダウンロード (29).jpg,5,vehicle,0.7132,1379,354,1627,591
ダウンロード (29).jpg,6,vehicle,0.6687,1062,339,1264,552
ダウンロード (29).jpg,7,vehicle,0.5107,205,371,403,515
ダウンロード (29).jpg,8,vehicle,0.4764,1,702,318,1075
ダウンロード (29).jpg,9,person,0.4438,0,275,78,662
ダウンロード (29).jpg,10,vehicle,0.4381,334,336,600,511
ダウンロード (29).jpg,11,vehicle,0.3928,336,355,453,513
ダウンロード (29).jpg,12,vehicle,0.3156,1182,260,1279,298
ダウンロード (29).jpg,13,person,0.309,0,270,317,1067
ダウンロード (29).jpg,14,person,0.2866,0,334,43,642
ダウンロード (86).jpg,1,vehicle,0.6456,415,209,850,442
ダウンロード (86).jpg,2,vehicle,0.5927,614,155,989,324
ダウンロード (86).jpg,3,vehicle,0.5781,586,188,840,327
ダウンロード (86).jpg,4,vehicle,0.5772,628,151,891,262
ダウンロード (86).jpg,5,vehicle,0.4766,705,111,902,200
ダウンロード (86).jpg,6,vehicle,0.2572,737,82,901,152
ダウンロード (19).jpg,1,person,0.9216,0,593,278,1076
ダウンロード (19).jpg,2,vehicle,0.9149,679,136,1081,383
ダウンロード (19).jpg,3,vehicle,0.8796,889,127,1283,361
ダウンロード (19).jpg,4,vehicle,0.8376,409,136,761,424
ダウンロード (19).jpg,5,vehicle,0.7009,1419,167,1579,287
ダウンロード (19).jpg,6,vehicle,0.6968,1247,159,1392,300
ダウンロード (19).jpg,7,vehicle,0.6961,1040,131,1326,302
ダウンロード (19).jpg,8,vehicle,0.6936,1475,172,1648,276
ダウンロード (19).jpg,9,vehicle,0.3867,1653,190,1731,255
ダウンロード (19).jpg,10,vehicle,0.3332,1571,177,1687,264
ダウンロード (91).jpg,1,vehicle,0.9178,1517,367,1912,719
ダウンロード (91).jpg,2,person,0.8975,260,398,423,884
ダウンロード (91).jpg,3,vehicle,0.8139,181,238,333,383
ダウンロード (91).jpg,4,person,0.7793,182,821,603,1079
ダウンロード (91).jpg,5,vehicle,0.596,364,232,530,364
ダウンロード (56).jpg,1,vehicle,0.9234,768,339,1077,534
ダウンロード (56).jpg,2,vehicle,0.8879,526,306,861,502
ダウンロード (56).jpg,3,vehicle,0.8151,1397,350,1635,575
ダウンロード (56).jpg,4,vehicle,0.3971,1696,476,1879,606
ダウンロード (7).jpg,1,vehicle,0.9149,1582,670,1918,1059
ダウンロード (7).jpg,2,vehicle,0.904,1162,399,1629,647
ダウンロード (7).jpg,3,vehicle,0.8787,1416,544,1778,780
ダウンロード (7).jpg,4,vehicle,0.7738,1035,331,1412,494
ダウンロード (7).jpg,5,vehicle,0.7573,966,280,1224,396
ダウンロード (7).jpg,6,vehicle,0.7184,555,61,605,96
ダウンロード (7).jpg,7,vehicle,0.7135,878,179,1059,294
ダウンロード (7).jpg,8,vehicle,0.6863,822,162,975,249
ダウンロード (7).jpg,9,vehicle,0.674,923,230,1184,344
ダウンロード (7).jpg,10,vehicle,0.651,470,39,526,78
ダウンロード (7).jpg,11,vehicle,0.5866,720,113,878,198
ダウンロード (7).jpg,12,vehicle,0.5384,679,91,767,138
ダウンロード (7).jpg,13,vehicle,0.2983,714,110,813,180
ダウンロード - 2025-12-11T105725.061.jpg,1,person,0.794,1606,908,1767,1079
ダウンロード - 2025-12-11T105725.061.jpg,2,vehicle,0.6327,0,314,291,587
ダウンロード - 2025-12-11T105725.061.jpg,3,vehicle,0.5636,1864,135,1919,195
ダウンロード - 2025-12-11T105725.061.jpg,4,vehicle,0.5486,1443,238,1865,519
ダウンロード - 2025-12-11T105725.061.jpg,5,vehicle,0.4609,1791,106,1893,161
ダウンロード - 2025-12-11T105725.061.jpg,6,vehicle,0.348,1832,118,1913,171
ダウンロード (42).jpg,1,vehicle,0.9132,187,399,486,552
ダウンロード (42).jpg,2,vehicle,0.7218,764,366,1056,556
ダウンロード (42).jpg,3,vehicle,0.6883,520,351,840,547
ダウンロード (42).jpg,4,vehicle,0.6737,1637,345,1853,551
ダウンロード (42).jpg,5,vehicle,0.669,1412,317,1642,570
ダウンロード (42).jpg,6,vehicle,0.6252,120,385,358,544
ダウンロード (42).jpg,7,person,0.3361,677,383,762,555
ダウンロード (42).jpg,8,vehicle,0.2701,93,472,161,539
ダウンロード (46).jpg,1,vehicle,0.6869,0,216,257,462
ダウンロード (46).jpg,2,person,0.2663,389,201,433,246
ダウンロード (82).jpg,1,vehicle,0.9364,101,333,646,574
ダウンロード (82).jpg,2,vehicle,0.9301,1580,393,1918,723
ダウンロード (82).jpg,3,vehicle,0.8988,1398,317,1875,544
ダウンロード (82).jpg,4,vehicle,0.8986,1331,235,1743,417
ダウンロード (82).jpg,5,vehicle,0.8573,366,268,679,426
ダウンロード (82).jpg,6,vehicle,0.834,448,215,772,364
ダウンロード (82).jpg,7,vehicle,0.8176,1218,175,1507,284
ダウンロード (82).jpg,8,vehicle,0.7888,1826,654,1919,966
ダウンロード (82).jpg,9,vehicle,0.7643,1296,208,1579,327
ダウンロード (82).jpg,10,vehicle,0.5025,545,173,809,266
ダウンロード (82).jpg,11,vehicle,0.2614,1137,132,1245,208
ダウンロード - 2025-12-11T102923.212.jpg,1,vehicle,0.8686,830,77,1061,234
ダウンロード - 2025-12-11T102923.212.jpg,2,vehicle,0.8628,721,73,955,206
ダウンロード - 2025-12-11T102923.212.jpg,3,vehicle,0.8096,993,64,1288,268
ダウンロード - 2025-12-11T102923.212.jpg,4,vehicle,0.7749,0,338,172,653
ダウンロード - 2025-12-11T102923.212.jpg,5,vehicle,0.7102,525,56,712,182
ダウンロード - 2025-12-11T102923.212.jpg,6,vehicle,0.6801,646,48,872,180
ダウンロード - 2025-12-11T102923.212.jpg,7,vehicle,0.5476,450,62,643,174
ダウンロード - 2025-12-11T102923.212.jpg,8,vehicle,0.4221,434,70,551,145
ダウンロード - 2025-12-11T102923.212.jpg,9,vehicle,0.3326,298,85,395,152
ダウンロード - 2025-12-11T104846.856.jpg,1,vehicle,0.9133,63,134,486,409
ダウンロード - 2025-12-11T104846.856.jpg,2,vehicle,0.9027,1183,431,1914,959
ダウンロード - 2025-12-11T104846.856.jpg,3,vehicle,0.8927,534,105,789,239
ダウンロード - 2025-12-11T104846.856.jpg,4,vehicle,0.8831,0,214,100,461
ダウンロード - 2025-12-11T104846.856.jpg,5,vehicle,0.8733,1447,247,1917,452
ダウンロード - 2025-12-11T104846.856.jpg,6,vehicle,0.8647,355,108,674,290
ダウンロード - 2025-12-11T104846.856.jpg,7,vehicle,0.8252,861,61,1066,188
ダウンロード - 2025-12-11T104846.856.jpg,8,vehicle,0.7989,1539,349,1918,495
ダウンロード - 2025-12-11T104846.856.jpg,9,vehicle,0.7828,1184,784,1906,1075
ダウンロード - 2025-12-11T104846.856.jpg,10,vehicle,0.7387,645,51,917,206
ダウンロード - 2025-12-11T104846.856.jpg,11,vehicle,0.6924,1039,46,1191,151
ダウンロード - 2025-12-11T104846.856.jpg,12,vehicle,0.6815,908,40,1136,170
ダウンロード - 2025-12-11T104846.856.jpg,13,vehicle,0.5681,1204,54,1283,124
ダウンロード - 2025-12-11T104846.856.jpg,14,vehicle,0.5544,1309,56,1390,117
ダウンロード - 2025-12-11T104846.856.jpg,15,vehicle,0.538,1497,136,1788,261
ダウンロード - 2025-12-11T104846.856.jpg,16,vehicle,0.4376,1244,53,1322,118
ダウンロード - 2025-12-11T104846.856.jpg,17,vehicle,0.2783,1291,57,1350,117
ダウンロード - 2025-12-11T104846.856.jpg,18,vehicle,0.255,1524,212,1798,283
ダウンロード (32).jpg,1,vehicle,0.9063,508,323,813,512
ダウンロード (32).jpg,2,vehicle,0.8724,1,422,136,554
ダウンロード (32).jpg,3,vehicle,0.8613,1395,322,1608,494
ダウンロード (32).jpg,4,vehicle,0.8394,1603,296,1868,499
ダウンロード (32).jpg,5,vehicle,0.7828,101,378,258,493
ダウンロード (32).jpg,6,vehicle,0.7489,1354,200,1501,320
ダウンロード (32).jpg,7,vehicle,0.6483,42,409,191,509
ダウンロード (32).jpg,8,vehicle,0.5915,1781,892,1920,1080
ダウンロード (32).jpg,9,vehicle,0.5505,1817,313,1918,498
ダウンロード (32).jpg,10,vehicle,0.5444,1051,255,1316,514
ダウンロード (32).jpg,11,vehicle,0.4909,210,368,334,464
ダウンロード (32).jpg,12,vehicle,0.4817,501,318,598,373
ダウンロード (32).jpg,13,vehicle,0.4699,279,336,455,427
ダウンロード (32).jpg,14,vehicle,0.3864,273,350,369,427
ダウンロード (32).jpg,15,vehicle,0.3033,1529,208,1663,311
ダウンロード (4).jpg,1,vehicle,0.927,775,360,1151,623
ダウンロード (4).jpg,2,vehicle,0.9067,1028,328,1450,640
ダウンロード (4).jpg,3,vehicle,0.8909,1419,313,1739,657
ダウンロード (4).jpg,4,vehicle,0.8527,553,363,938,615
ダウンロード (4).jpg,5,vehicle,0.7924,371,391,646,594
ダウンロード (4).jpg,6,vehicle,0.7819,278,429,479,583
ダウンロード (4).jpg,7,vehicle,0.5438,505,383,739,594
ダウンロード (4).jpg,8,vehicle,0.3673,115,456,246,548
ダウンロード (4).jpg,9,vehicle,0.3394,71,472,144,525
ダウンロード (4).jpg,10,vehicle,0.3394,247,444,405,559
ダウンロード (4).jpg,11,vehicle,0.263,169,442,327,547
ダウンロード (18).jpg,1,vehicle,0.9325,754,163,1113,504
ダウンロード (18).jpg,2,vehicle,0.9002,394,180,736,488
ダウンロード (18).jpg,3,vehicle,0.8951,18,210,444,542
ダウンロード (18).jpg,4,person,0.8263,4,540,318,1035
ダウンロード (18).jpg,5,vehicle,0.6796,1724,190,1918,461
ダウンロード (18).jpg,6,vehicle,0.5936,1466,156,1794,469
ダウンロード - 2025-12-11T102959.720.jpg,1,vehicle,0.8967,0,567,257,973
ダウンロード - 2025-12-11T102959.720.jpg,2,vehicle,0.4734,410,174,474,229
ダウンロード - 2025-12-11T102959.720.jpg,3,vehicle,0.4149,1148,89,1292,170
ダウンロード - 2025-12-11T102959.720.jpg,4,vehicle,0.2758,1,235,173,406
ダウンロード (100).jpg,1,vehicle,0.9367,1114,247,1522,564
ダウンロード (100).jpg,2,vehicle,0.9162,812,260,1181,604
ダウンロード (100).jpg,3,vehicle,0.8496,1584,286,1901,517
ダウンロード (100).jpg,4,vehicle,0.8448,1390,277,1785,562
ダウンロード (100).jpg,5,vehicle,0.5356,1283,190,1463,269
ダウンロード (100).jpg,6,vehicle,0.5087,585,166,700,267
ダウンロード (100).jpg,7,vehicle,0.4915,1012,179,1115,252
ダウンロード (100).jpg,8,vehicle,0.4543,773,163,936,260
ダウンロード (100).jpg,9,vehicle,0.3077,1003,254,1167,360
ダウンロード (31).jpg,1,vehicle,0.9005,1067,287,1390,480
ダウンロード (31).jpg,2,vehicle,0.9004,606,288,825,460
ダウンロード (31).jpg,3,vehicle,0.8734,825,265,1130,467
ダウンロード (31).jpg,4,vehicle,0.8593,1451,302,1723,488
ダウンロード (31).jpg,5,vehicle,0.6955,1208,281,1528,472
ダウンロード (31).jpg,6,vehicle,0.3785,1811,382,1919,491
ダウンロード (31).jpg,7,vehicle,0.2568,584,225,728,278
ダウンロード (31).jpg,8,vehicle,0.2516,1203,282,1396,378
ダウンロード - 2025-12-11T105602.229.jpg,1,vehicle,0.8968,190,309,518,502
ダウンロード - 2025-12-11T105602.229.jpg,2,vehicle,0.86,195,243,647,430
ダウンロード - 2025-12-11T105602.229.jpg,3,vehicle,0.8502,1206,97,1546,289
ダウンロード - 2025-12-11T105602.229.jpg,4,vehicle,0.7246,196,451,498,696
ダウンロード - 2025-12-11T105602.229.jpg,5,vehicle,0.7061,1188,98,1400,215
ダウンロード - 2025-12-11T105602.229.jpg,6,vehicle,0.6115,355,161,610,257
ダウンロード - 2025-12-11T105602.229.jpg,7,vehicle,0.5988,910,105,979,164
ダウンロード - 2025-12-11T105602.229.jpg,8,vehicle,0.5948,971,74,1161,174
ダウンロード - 2025-12-11T105602.229.jpg,9,vehicle,0.4497,-2,676,637,1074
ダウンロード - 2025-12-11T105602.229.jpg,10,vehicle,0.387,830,66,981,142
ダウンロード - 2025-12-11T105602.229.jpg,11,vehicle,0.3121,826,89,921,140
ダウンロード - 2025-12-11T105602.229.jpg,12,vehicle,0.2628,353,206,581,266
ダウンロード - 2025-12-11T100519.717.jpg,1,vehicle,0.8966,-3,371,714,660
ダウンロード - 2025-12-11T100519.717.jpg,2,vehicle,0.8966,3,553,649,1011
ダウンロード - 2025-12-11T100519.717.jpg,3,vehicle,0.8709,2,856,674,1075
ダウンロード - 2025-12-11T100519.717.jpg,4,vehicle,0.8621,1122,65,1451,221
ダウンロード - 2025-12-11T100519.717.jpg,5,vehicle,0.8428,194,187,615,366
ダウンロード - 2025-12-11T100519.717.jpg,6,vehicle,0.8357,62,230,543,423
ダウンロード - 2025-12-11T100519.717.jpg,7,vehicle,0.7294,1045,57,1310,183
ダウンロード - 2025-12-11T100519.717.jpg,8,person,0.6565,1743,919,1919,1081
ダウンロード - 2025-12-11T100519.717.jpg,9,vehicle,0.5385,298,127,532,228
ダウンロード - 2025-12-11T100519.717.jpg,10,vehicle,0.5189,944,30,1206,154
ダウンロード - 2025-12-11T100519.717.jpg,11,vehicle,0.4756,883,40,1040,140
ダウンロード - 2025-12-11T100519.717.jpg,12,vehicle,0.3991,1691,256,1918,477
ダウンロード (89).jpg,1,vehicle,0.9449,1565,193,1918,513
ダウンロード (89).jpg,2,vehicle,0.819,1769,218,1919,380
ダウンロード (80).jpg,1,vehicle,0.9414,1540,301,1917,623
ダウンロード (80).jpg,2,vehicle,0.9244,1357,239,1803,479
ダウンロード (80).jpg,3,vehicle,0.9201,40,412,580,669
ダウンロード (80).jpg,4,vehicle,0.911,1250,176,1671,357
ダウンロード (80).jpg,5,vehicle,0.8499,1826,530,1919,814
ダウンロード (80).jpg,6,vehicle,0.8019,1127,126,1409,246
ダウンロード (80).jpg,7,vehicle,0.7587,330,248,707,400
ダウンロード (80).jpg,8,vehicle,0.747,277,325,602,463
ダウンロード (80).jpg,9,vehicle,0.7302,1216,156,1495,274
ダウンロード (80).jpg,10,vehicle,0.4251,1006,95,1105,146
ダウンロード (80).jpg,11,person,0.3688,753,142,782,225
ダウンロード (80).jpg,12,vehicle,0.3024,436,197,717,284
ダウンロード (80).jpg,13,vehicle,0.296,1039,110,1147,178
ダウンロード - 2025-12-11T105628.978.jpg,1,person,0.8753,1443,942,1636,1079
ダウンロード - 2025-12-11T105628.978.jpg,2,vehicle,0.8018,1277,296,1726,572
ダウンロード - 2025-12-11T105628.978.jpg,3,vehicle,0.7339,1799,235,1906,309
ダウンロード - 2025-12-11T105628.978.jpg,4,vehicle,0.5821,1751,211,1846,271
ダウンロード - 2025-12-11T105628.978.jpg,5,vehicle,0.5765,1726,203,1807,252
ダウンロード - 2025-12-11T105628.978.jpg,6,vehicle,0.5504,1668,183,1747,232
ダウンロード - 2025-12-11T105628.978.jpg,7,vehicle,0.3986,1640,173,1710,221
ダウンロード - 2025-12-11T105628.978.jpg,8,vehicle,0.3022,0,314,181,552
ダウンロード - 2025-12-11T105628.978.jpg,9,vehicle,0.2937,1779,221,1884,273
ダウンロード (50).jpg,1,vehicle,0.6286,429,286,624,510
ダウンロード - 2025-12-11T104052.017.jpg,1,vehicle,0.9255,1,310,313,722
ダウンロード (21).jpg,1,vehicle,0.9311,2,503,989,1066
ダウンロード (21).jpg,2,vehicle,0.9031,65,222,715,564
ダウンロード (21).jpg,3,vehicle,0.8477,219,163,745,402
ダウンロード (21).jpg,4,vehicle,0.7472,1617,282,1919,532
ダウンロード (21).jpg,5,vehicle,0.7417,401,129,651,244
ダウンロード (21).jpg,6,vehicle,0.6577,1197,225,1303,377
ダウンロード (21).jpg,7,vehicle,0.5716,478,101,691,215
ダウンロード (21).jpg,8,vehicle,0.552,267,153,622,264
ダウンロード (16).jpg,1,vehicle,0.9381,655,125,1184,425
ダウンロード (16).jpg,2,vehicle,0.9229,501,100,900,295
ダウンロード (16).jpg,3,vehicle,0.8886,422,77,732,244
ダウンロード (16).jpg,4,vehicle,0.8793,245,69,542,232
ダウンロード (16).jpg,5,vehicle,0.6911,1062,191,1462,525
ダウンロード (16).jpg,6,vehicle,0.6257,1434,310,1739,664
ダウンロード (16).jpg,7,vehicle,0.4819,1814,404,1918,769
ダウンロード (16).jpg,8,person,0.4516,111,102,142,184
ダウンロード (75).jpg,1,vehicle,0.928,5,176,770,907
ダウンロード (75).jpg,2,vehicle,0.8019,441,180,779,420
ダウンロード (75).jpg,3,vehicle,0.7213,1572,292,1833,480
ダウンロード (75).jpg,4,vehicle,0.6424,192,174,635,415
ダウンロード (75).jpg,5,vehicle,0.5173,1367,249,1686,457
ダウンロード (75).jpg,6,vehicle,0.4489,2,680,709,1074
ダウンロード - 2025-12-11T110156.235.jpg,1,vehicle,0.9315,740,123,1218,383
ダウンロード - 2025-12-11T110156.235.jpg,2,vehicle,0.8672,503,172,862,446
ダウンロード - 2025-12-11T110156.235.jpg,3,vehicle,0.6999,172,200,532,611
ダウンロード - 2025-12-11T110156.235.jpg,4,vehicle,0.6837,1105,929,1777,1076
ダウンロード - 2025-12-11T110156.235.jpg,5,vehicle,0.6257,0,288,103,654
ダウンロード - 2025-12-11T110156.235.jpg,6,vehicle,0.2548,1672,195,1723,229
ダウンロード - 2025-12-11T105109.740.jpg,1,vehicle,0.662,0,756,85,1033
ダウンロード - 2025-12-11T105109.740.jpg,2,vehicle,0.6366,790,57,960,209
ダウンロード (23).jpg,1,person,0.9237,1568,642,1886,1077
ダウンロード (23).jpg,2,vehicle,0.9024,571,131,897,344
ダウンロード (23).jpg,3,vehicle,0.8733,931,173,1234,312
ダウンロード (23).jpg,4,vehicle,0.8496,132,192,374,404
ダウンロード (23).jpg,5,vehicle,0.7991,360,142,617,362
ダウンロード (23).jpg,6,vehicle,0.738,1100,179,1342,307
ダウンロード (23).jpg,7,vehicle,0.6717,1871,400,1918,562
ダウンロード (23).jpg,8,vehicle,0.6133,1334,187,1522,308
ダウンロード (23).jpg,9,vehicle,0.5305,924,231,1054,311
ダウンロード (23).jpg,10,vehicle,0.3751,1789,296,1826,337
ダウンロード (38).jpg,1,vehicle,0.7123,1600,228,1894,445
ダウンロード (38).jpg,2,vehicle,0.6575,173,365,370,518
ダウンロード (38).jpg,3,vehicle,0.6377,1,419,122,542
ダウンロード (38).jpg,4,vehicle,0.4127,83,352,319,529
ダウンロード - 2025-12-11T104118.102.jpg,1,person,0.8982,88,547,367,1074
ダウンロード - 2025-12-11T104118.102.jpg,2,vehicle,0.8841,1340,135,1886,500
ダウンロード - 2025-12-11T104118.102.jpg,3,vehicle,0.7729,174,201,247,268
ダウンロード - 2025-12-11T104118.102.jpg,4,vehicle,0.7214,9,387,124,567
ダウンロード - 2025-12-11T104118.102.jpg,5,vehicle,0.657,673,73,880,203
ダウンロード - 2025-12-11T104118.102.jpg,6,vehicle,0.6568,853,66,1010,179
ダウンロード - 2025-12-11T104409.588.jpg,1,vehicle,0.9063,1538,315,1919,730
ダウンロード - 2025-12-11T104409.588.jpg,2,vehicle,0.8491,1432,222,1918,465
ダウンロード - 2025-12-11T104409.588.jpg,3,vehicle,0.8169,1421,189,1794,380
ダウンロード - 2025-12-11T104409.588.jpg,4,vehicle,0.8074,470,99,706,230
ダウンロード - 2025-12-11T104409.588.jpg,5,vehicle,0.8015,0,306,217,540
ダウンロード - 2025-12-11T104409.588.jpg,6,vehicle,0.5756,381,114,543,223
ダウンロード - 2025-12-11T104409.588.jpg,7,vehicle,0.5278,622,109,834,230
ダウンロード - 2025-12-11T104409.588.jpg,8,vehicle,0.3004,93,134,198,231
ダウンロード - 2025-12-11T104409.588.jpg,9,vehicle,0.2615,382,127,451,222
ダウンロード (27).jpg,1,person,0.9224,1482,565,1784,1074
ダウンロード (27).jpg,2,vehicle,0.8813,1381,332,1636,562
ダウンロード (27).jpg,3,vehicle,0.8276,580,332,835,530
ダウンロード (27).jpg,4,vehicle,0.7804,1621,317,1903,574
ダウンロード (27).jpg,5,vehicle,0.7194,99,365,390,533
ダウンロード (27).jpg,6,vehicle,0.6003,1073,329,1274,540
ダウンロード (27).jpg,7,vehicle,0.5827,0,408,105,520
ダウンロード (27).jpg,8,vehicle,0.519,237,383,416,526
ダウンロード (27).jpg,9,vehicle,0.3454,0,842,172,1078
ダウンロード (27).jpg,10,person,0.2998,811,328,843,393
ダウンロード - 2025-12-11T110005.773.jpg,1,vehicle,0.9156,945,143,1302,365
ダウンロード - 2025-12-11T110005.773.jpg,2,vehicle,0.9155,390,191,681,424
ダウンロード - 2025-12-11T110005.773.jpg,3,person,0.8435,1198,925,1447,1078
ダウンロード - 2025-12-11T110005.773.jpg,4,vehicle,0.8008,1370,136,1604,316
ダウンロード - 2025-12-11T110005.773.jpg,5,vehicle,0.7969,66,200,329,506
ダウンロード - 2025-12-11T110005.773.jpg,6,vehicle,0.7866,1104,103,1478,339
ダウンロード - 2025-12-11T110005.773.jpg,7,vehicle,0.7397,1656,184,1773,294
ダウンロード - 2025-12-11T110005.773.jpg,8,vehicle,0.7235,1813,203,1919,297
ダウンロード - 2025-12-11T110005.773.jpg,9,vehicle,0.7098,1734,193,1843,294
ダウンロード - 2025-12-11T110005.773.jpg,10,vehicle,0.3304,1145,155,1353,338
ダウンロード.jpg,1,vehicle,0.9328,1247,487,1917,895
ダウンロード.jpg,2,vehicle,0.8418,1280,354,1815,524
ダウンロード.jpg,3,vehicle,0.8377,1290,432,1892,616
ダウンロード.jpg,4,vehicle,0.784,1695,758,1918,1075
ダウンロード.jpg,5,vehicle,0.782,1308,283,1653,397
ダウンロード.jpg,6,vehicle,0.7445,197,308,479,494
ダウンロード.jpg,7,vehicle,0.6132,1189,799,1937,1073
ダウンロード.jpg,8,vehicle,0.5058,122,259,334,430
ダウンロード.jpg,9,vehicle,0.4045,25,270,176,421
ダウンロード.jpg,10,vehicle,0.3925,1322,263,1536,352
ダウンロード.jpg,11,vehicle,0.3638,1314,250,1393,308
ダウンロード.jpg,12,vehicle,0.3428,1329,257,1498,314
ダウンロード.jpg,13,vehicle,0.3364,1236,232,1274,268
ダウンロード.jpg,14,person,0.3047,1002,241,1032,312
ダウンロード (88).jpg,1,vehicle,0.8826,200,150,534,283
ダウンロード (88).jpg,2,vehicle,0.8755,1137,189,1479,359
ダウンロード (88).jpg,3,person,0.8698,942,283,1055,614
ダウンロード (88).jpg,4,vehicle,0.8493,141,186,430,355
ダウンロード (88).jpg,5,vehicle,0.7333,72,199,257,431
ダウンロード (88).jpg,6,vehicle,0.7164,1123,290,1490,439
ダウンロード (88).jpg,7,vehicle,0.6758,515,91,726,194
ダウンロード (88).jpg,8,vehicle,0.6299,1109,160,1306,299
ダウンロード (88).jpg,9,vehicle,0.4817,1109,154,1279,228
ダウンロード (88).jpg,10,vehicle,0.4111,353,113,590,224
ダウンロード (88).jpg,11,vehicle,0.3464,1100,132,1274,198
ダウンロード (88).jpg,12,vehicle,0.3086,1071,351,1900,644
ダウンロード (88).jpg,13,vehicle,0.2845,495,104,612,201
ダウンロード (88).jpg,14,vehicle,0.2506,775,324,1910,1073
ダウンロード (96).jpg,1,vehicle,0.9286,390,208,868,506
ダウンロード (96).jpg,2,vehicle,0.9211,699,187,1074,407
ダウンロード (96).jpg,3,vehicle,0.9083,893,157,1244,354
ダウンロード (96).jpg,4,vehicle,0.7553,1401,179,1538,283
ダウンロード (96).jpg,5,vehicle,0.7444,1243,145,1430,295
ダウンロード (96).jpg,6,vehicle,0.7183,1092,150,1329,308
ダウンロード (96).jpg,7,vehicle,0.6676,153,258,455,590
ダウンロード (96).jpg,8,person,0.5574,234,891,627,1078
ダウンロード (96).jpg,9,vehicle,0.5366,1820,212,1904,325
ダウンロード (96).jpg,10,vehicle,0.4848,0,336,67,620
ダウンロード (83).jpg,1,vehicle,0.8787,1335,311,1900,643
ダウンロード (83).jpg,2,vehicle,0.7101,3,169,334,347
ダウンロード (83).jpg,3,vehicle,0.5626,65,126,334,255
ダウンロード (83).jpg,4,vehicle,0.5216,1761,330,1919,463
ダウンロード (83).jpg,5,vehicle,0.5078,7,235,276,429
ダウンロード - 2025-12-11T131301.029.jpg,1,person,0.9225,0,553,497,1076
ダウンロード - 2025-12-11T131301.029.jpg,2,vehicle,0.7638,1,176,164,420
ダウンロード - 2025-12-11T131301.029.jpg,3,vehicle,0.7383,1331,0,1532,63
ダウンロード - 2025-12-11T131301.029.jpg,4,vehicle,0.7322,1636,243,1916,509
ダウンロード - 2025-12-11T131301.029.jpg,5,vehicle,0.6448,1779,187,1902,289
ダウンロード - 2025-12-11T131301.029.jpg,6,vehicle,0.525,131,129,203,253
ダウンロード - 2025-12-11T131301.029.jpg,7,vehicle,0.4542,852,0,987,29
ダウンロード - 2025-12-11T131301.029.jpg,8,vehicle,0.2901,52,126,210,265
ダウンロード - 2025-12-11T131301.029.jpg,9,vehicle,0.2893,1514,0,1567,39
ダウンロード - 2025-12-11T131301.029.jpg,10,vehicle,0.2556,1285,211,1403,303
ダウンロード - 2025-12-11T103038.008.jpg,1,vehicle,0.6537,1797,316,1892,393
ダウンロード - 2025-12-11T103038.008.jpg,2,vehicle,0.3913,31,161,283,381
ダウンロード - 2025-12-11T095444.700.jpg,1,vehicle,0.8748,0,473,124,708
ダウンロード - 2025-12-11T095444.700.jpg,2,vehicle,0.8063,1,325,372,538
ダウンロード - 2025-12-11T095444.700.jpg,3,vehicle,0.8017,417,105,642,225
ダウンロード - 2025-12-11T095444.700.jpg,4,vehicle,0.7886,110,225,444,380
ダウンロード - 2025-12-11T095444.700.jpg,5,person,0.7476,1208,402,1544,1004
ダウンロード - 2025-12-11T095444.700.jpg,6,vehicle,0.5872,620,12,799,110
ダウンロード - 2025-12-11T095444.700.jpg,7,vehicle,0.5645,754,1,854,63
ダウンロード - 2025-12-11T095444.700.jpg,8,vehicle,0.5562,255,154,512,279
ダウンロード - 2025-12-11T095444.700.jpg,9,vehicle,0.5352,945,23,1916,1075
ダウンロード - 2025-12-11T095444.700.jpg,10,vehicle,0.5157,-2,303,328,416
ダウンロード - 2025-12-11T095444.700.jpg,11,vehicle,0.4722,340,127,524,254
ダウンロード - 2025-12-11T095444.700.jpg,12,vehicle,0.4263,1325,191,1557,359
ダウンロード - 2025-12-11T095444.700.jpg,13,vehicle,0.4234,608,53,685,148
ダウンロード - 2025-12-11T095444.700.jpg,14,vehicle,0.3293,1492,100,1886,223
ダウンロード - 2025-12-11T095444.700.jpg,15,vehicle,0.3245,819,0,873,48
ダウンロード - 2025-12-11T095444.700.jpg,16,vehicle,0.3006,1123,15,1209,126
ダウンロード (97).jpg,1,vehicle,0.9347,1101,185,1521,438
ダウンロード (97).jpg,2,vehicle,0.9184,1377,230,1760,543
ダウンロード (97).jpg,3,vehicle,0.8828,871,141,1255,362
ダウンロード (97).jpg,4,vehicle,0.725,793,132,1085,293
ダウンロード (97).jpg,5,vehicle,0.6144,209,168,262,205
ダウンロード (97).jpg,6,vehicle,0.6111,424,127,620,221
ダウンロード (97).jpg,7,vehicle,0.5719,678,112,950,280
ダウンロード (97).jpg,8,person,0.5703,232,640,318,775
ダウンロード (97).jpg,9,vehicle,0.5214,622,123,753,235
ダウンロード (97).jpg,10,vehicle,0.4954,146,167,184,217
ダウンロード - 2025-12-11T100818.653.jpg,1,vehicle,0.9219,565,105,1063,450
ダウンロード - 2025-12-11T100818.653.jpg,2,vehicle,0.9118,1156,119,1454,342
ダウンロード - 2025-12-11T100818.653.jpg,3,vehicle,0.8816,869,81,1239,365
ダウンロード - 2025-12-11T100818.653.jpg,4,vehicle,0.7886,1294,111,1580,315
ダウンロード - 2025-12-11T100818.653.jpg,5,vehicle,0.708,1,227,207,625
ダウンロード - 2025-12-11T100818.653.jpg,6,vehicle,0.5434,1411,109,1656,298
ダウンロード - 2025-12-11T100818.653.jpg,7,vehicle,0.3491,1044,56,1190,115
ダウンロード - 2025-12-11T100818.653.jpg,8,vehicle,0.3043,384,25,470,114
ダウンロード - 2025-12-11T100818.653.jpg,9,vehicle,0.2866,1659,198,1737,290
ダウンロード (26).jpg,1,person,0.9329,1429,554,1746,1073
ダウンロード (26).jpg,2,person,0.9235,302,390,583,1022
ダウンロード (26).jpg,3,vehicle,0.908,714,112,1036,344
ダウンロード (26).jpg,4,vehicle,0.9073,468,148,735,374
ダウンロード (26).jpg,5,vehicle,0.8117,960,117,1216,305
ダウンロード (26).jpg,6,vehicle,0.6764,0,229,186,466
ダウンロード (26).jpg,7,vehicle,0.4786,179,184,361,411
ダウンロード (26).jpg,8,vehicle,0.2893,0,876,280,1077
ダウンロード (11).jpg,1,vehicle,0.8946,1311,383,1720,552
ダウンロード (11).jpg,2,vehicle,0.8712,162,137,458,336
ダウンロード (11).jpg,3,vehicle,0.8462,1212,328,1492,450
ダウンロード (11).jpg,4,vehicle,0.7698,9,168,364,344
ダウンロード (11).jpg,5,vehicle,0.6195,1,225,353,494
ダウンロード (11).jpg,6,person,0.5348,0,894,72,971
ダウンロード (11).jpg,7,vehicle,0.5212,1069,257,1249,356
ダウンロード (11).jpg,8,vehicle,0.4632,913,194,1057,281
ダウンロード (11).jpg,9,vehicle,0.4364,1314,357,1557,472
ダウンロード (11).jpg,10,vehicle,0.3298,762,168,798,196
ダウンロード (11).jpg,11,vehicle,0.2922,642,137,684,179
ダウンロード (11).jpg,12,vehicle,0.2645,703,149,739,183
ダウンロード (2).jpg,1,person,0.9054,1138,756,1289,1077
ダウンロード (2).jpg,2,vehicle,0.9031,244,487,693,687
ダウンロード (2).jpg,3,vehicle,0.8637,1365,802,1913,970
ダウンロード (2).jpg,4,vehicle,0.8434,1366,707,1909,878
ダウンロード (2).jpg,5,vehicle,0.7861,1298,884,1918,1078
ダウンロード (2).jpg,6,vehicle,0.6857,188,423,512,587
ダウンロード (2).jpg,7,vehicle,0.6801,1428,635,1728,747
ダウンロード (2).jpg,8,vehicle,0.4192,1440,616,1669,703
ダウンロード (2).jpg,9,vehicle,0.4014,146,423,260,555
ダウンロード (2).jpg,10,vehicle,0.3711,1460,591,1561,660
ダウンロード (2).jpg,11,vehicle,0.3507,1497,606,1654,668
ダウンロード (2).jpg,12,vehicle,0.2694,1298,551,1355,591
ダウンロード (95).jpg,1,vehicle,0.9088,1178,140,1648,444
ダウンロード (95).jpg,2,vehicle,0.9049,1482,155,1812,421
ダウンロード (95).jpg,3,vehicle,0.8581,1666,156,1920,388
ダウンロード (95).jpg,4,vehicle,0.781,0,304,170,568
ダウンロード (95).jpg,5,person,0.6939,871,774,1289,1075
ダウンロード (95).jpg,6,vehicle,0.571,931,152,1222,456
ダウンロード (95).jpg,7,vehicle,0.4118,1797,159,1920,286
ダウンロード (95).jpg,8,vehicle,0.2516,766,232,960,380
ダウンロード - 2025-12-11T101126.714.jpg,1,vehicle,0.9182,462,226,893,529
ダウンロード - 2025-12-11T101126.714.jpg,2,vehicle,0.8923,148,230,539,608
ダウンロード - 2025-12-11T101126.714.jpg,3,vehicle,0.8803,944,190,1388,425
ダウンロード - 2025-12-11T101126.714.jpg,4,vehicle,0.7778,0,286,76,657
ダウンロード - 2025-12-11T101126.714.jpg,5,vehicle,0.7505,781,211,1130,445
ダウンロード - 2025-12-11T101126.714.jpg,6,vehicle,0.7137,1152,193,1427,385
ダウンロード - 2025-12-11T101126.714.jpg,7,vehicle,0.6361,1464,224,1638,368
ダウンロード - 2025-12-11T101126.714.jpg,8,vehicle,0.445,1319,206,1619,381
ダウンロード - 2025-12-11T101126.714.jpg,9,vehicle,0.3398,964,243,1129,445
ダウンロード - 2025-12-11T101126.714.jpg,10,person,0.3307,1845,905,1919,1079
ダウンロード - 2025-12-11T105652.042.jpg,1,vehicle,0.7719,2,236,91,321
ダウンロード - 2025-12-11T105652.042.jpg,2,vehicle,0.5603,192,193,333,308
ダウンロード - 2025-12-11T105652.042.jpg,3,vehicle,0.5387,138,212,227,314
ダウンロード - 2025-12-11T105652.042.jpg,4,vehicle,0.4732,19,213,222,317
ダウンロード (67).jpg,1,vehicle,0.8998,601,349,1041,650
ダウンロード (67).jpg,2,vehicle,0.8034,1726,424,1830,529
ダウンロード (67).jpg,3,vehicle,0.7752,1288,410,1620,763
ダウンロード (67).jpg,4,vehicle,0.6428,265,528,517,619
ダウンロード (67).jpg,5,vehicle,0.3767,1245,398,1369,566
ダウンロード (67).jpg,6,vehicle,0.3598,1404,817,1920,1072
ダウンロード (87).jpg,1,vehicle,0.8826,200,150,534,283
ダウンロード (87).jpg,2,vehicle,0.8755,1137,189,1479,359
ダウンロード (87).jpg,3,person,0.8698,942,283,1055,614
ダウンロード (87).jpg,4,vehicle,0.8493,141,186,430,355
ダウンロード (87).jpg,5,vehicle,0.7333,72,199,257,431
ダウンロード (87).jpg,6,vehicle,0.7164,1123,290,1490,439
ダウンロード (87).jpg,7,vehicle,0.6758,515,91,726,194
ダウンロード (87).jpg,8,vehicle,0.6299,1109,160,1306,299
ダウンロード (87).jpg,9,vehicle,0.4817,1109,154,1279,228
ダウンロード (87).jpg,10,vehicle,0.4111,353,113,590,224
ダウンロード (87).jpg,11,vehicle,0.3464,1100,132,1274,198
ダウンロード (87).jpg,12,vehicle,0.3086,1071,351,1900,644
ダウンロード (87).jpg,13,vehicle,0.2845,495,104,612,201
ダウンロード (87).jpg,14,vehicle,0.2506,775,324,1910,1073
ダウンロード (85).jpg,1,person,0.8141,0,581,193,886
ダウンロード (85).jpg,2,vehicle,0.7321,1622,101,1918,395
ダウンロード (30).jpg,1,vehicle,0.9107,652,288,981,468
ダウンロード (30).jpg,2,vehicle,0.8552,3,176,119,303
ダウンロード (30).jpg,3,vehicle,0.7749,1513,540,1758,756
ダウンロード (30).jpg,4,vehicle,0.7743,385,184,497,286
ダウンロード (30).jpg,5,vehicle,0.7374,453,180,617,290
ダウンロード (30).jpg,6,vehicle,0.6885,134,166,316,297
ダウンロード (30).jpg,7,vehicle,0.647,279,164,418,291
ダウンロード (30).jpg,8,vehicle,0.647,1157,382,1457,658
ダウンロード (30).jpg,9,vehicle,0.5699,1771,599,1918,851
ダウンロード (30).jpg,10,vehicle,0.3129,672,215,773,292
ダウンロード (30).jpg,11,vehicle,0.3008,1507,407,1668,538
ダウンロード (30).jpg,12,vehicle,0.2891,1783,722,1909,848
ダウンロード (53).jpg,1,person,0.8585,1803,889,1918,1080
ダウンロード (53).jpg,2,vehicle,0.79,504,357,752,582
ダウンロード (53).jpg,3,vehicle,0.7671,791,389,1038,585
ダウンロード (53).jpg,4,vehicle,0.5831,0,395,193,609
ダウンロード (53).jpg,5,vehicle,0.5526,978,361,1283,574
ダウンロード (53).jpg,6,vehicle,0.5411,1199,374,1512,579
ダウンロード (53).jpg,7,vehicle,0.4843,1430,424,1597,566
ダウンロード (53).jpg,8,person,0.3013,1682,469,1713,561
ダウンロード (69).jpg,1,vehicle,0.7637,2,356,667,697
ダウンロード (69).jpg,2,vehicle,0.5676,205,290,559,381
ダウンロード (69).jpg,3,vehicle,0.5597,623,236,664,272
ダウンロード (69).jpg,4,vehicle,0.5011,561,241,597,277
ダウンロード (69).jpg,5,vehicle,0.4482,1109,248,1253,347
ダウンロード (69).jpg,6,vehicle,0.2717,672,233,727,271
ダウンロード - 2025-12-11T105438.330.jpg,1,vehicle,0.7862,1160,0,1336,201
ダウンロード - 2025-12-11T105438.330.jpg,2,vehicle,0.6721,337,93,498,273
ダウンロード - 2025-12-11T105438.330.jpg,3,vehicle,0.5549,464,43,656,244
ダウンロード - 2025-12-11T105438.330.jpg,4,vehicle,0.4036,0,229,116,354
ダウンロード (74).jpg,1,vehicle,0.928,5,176,770,907
ダウンロード (74).jpg,2,vehicle,0.8019,441,180,779,420
ダウンロード (74).jpg,3,vehicle,0.7213,1572,292,1833,480
ダウンロード (74).jpg,4,vehicle,0.6424,192,174,635,415
ダウンロード (74).jpg,5,vehicle,0.5173,1367,249,1686,457
ダウンロード (74).jpg,6,vehicle,0.4489,2,680,709,1074
ダウンロード (68).jpg,1,vehicle,0.9286,1601,377,1918,662
ダウンロード (68).jpg,2,person,0.8464,1179,371,1229,519
ダウンロード (68).jpg,3,vehicle,0.6718,804,355,910,426
ダウンロード (28).jpg,1,vehicle,0.8825,536,274,794,498
ダウンロード (28).jpg,2,vehicle,0.8102,1034,260,1293,456
ダウンロード (28).jpg,3,vehicle,0.7613,783,244,1101,484
ダウンロード (28).jpg,4,vehicle,0.7311,2,323,224,553
ダウンロード (28).jpg,5,vehicle,0.7259,1621,326,1767,432
ダウンロード (28).jpg,6,vehicle,0.7009,0,932,316,1077
ダウンロード (28).jpg,7,vehicle,0.44,1396,283,1564,374
ダウンロード (28).jpg,8,vehicle,0.2879,1200,269,1265,311
ダウンロード - 2025-12-11T131326.754.jpg,1,vehicle,0.924,1088,0,1428,164
ダウンロード - 2025-12-11T131326.754.jpg,2,person,0.8726,1172,250,1253,463
ダウンロード - 2025-12-11T131326.754.jpg,3,vehicle,0.5409,845,282,1912,1067
ダウンロード (84).jpg,1,vehicle,0.8787,1335,311,1900,643
ダウンロード (84).jpg,2,vehicle,0.7101,3,169,334,347
ダウンロード (84).jpg,3,vehicle,0.5626,65,126,334,255
ダウンロード (84).jpg,4,vehicle,0.5216,1761,330,1919,463
ダウンロード (84).jpg,5,vehicle,0.5078,7,235,276,429
ダウンロード - 2025-12-11T100802.086.jpg,1,vehicle,0.922,1647,329,1919,717
ダウンロード - 2025-12-11T100802.086.jpg,2,vehicle,0.8348,353,61,428,133
ダウンロード - 2025-12-11T100802.086.jpg,3,vehicle,0.8119,1388,223,1737,510
ダウンロード - 2025-12-11T100802.086.jpg,4,vehicle,0.7598,0,422,111,607
ダウンロード - 2025-12-11T100802.086.jpg,5,vehicle,0.7372,602,67,868,180
ダウンロード - 2025-12-11T100802.086.jpg,6,vehicle,0.735,906,121,1098,305
ダウンロード - 2025-12-11T100802.086.jpg,7,vehicle,0.7326,721,85,880,207
ダウンロード - 2025-12-11T100802.086.jpg,8,vehicle,0.6994,1557,151,1784,282
ダウンロード - 2025-12-11T100802.086.jpg,9,vehicle,0.6661,822,68,1103,233
ダウンロード - 2025-12-11T100802.086.jpg,10,vehicle,0.6457,101,233,243,433
ダウンロード - 2025-12-11T100802.086.jpg,11,vehicle,0.5321,520,41,705,147
ダウンロード - 2025-12-11T100802.086.jpg,12,person,0.4778,0,624,163,901
ダウンロード - 2025-12-11T100802.086.jpg,13,vehicle,0.4492,18,258,178,499
ダウンロード - 2025-12-11T100802.086.jpg,14,person,0.4251,1758,156,1803,240
ダウンロード (1).jpg,1,vehicle,0.9322,1261,396,1916,905
ダウンロード (1).jpg,2,vehicle,0.8877,173,191,611,420
ダウンロード (1).jpg,3,vehicle,0.8576,1328,323,1913,520
ダウンロード (1).jpg,4,vehicle,0.835,1318,235,1889,418
ダウンロード (1).jpg,5,vehicle,0.778,1156,821,1918,1071
ダウンロード (1).jpg,6,vehicle,0.6881,1349,172,1737,279
ダウンロード (1).jpg,7,vehicle,0.4048,1355,158,1583,245
ダウンロード (1).jpg,8,vehicle,0.3863,17,199,165,356
ダウンロード (1).jpg,9,vehicle,0.3439,1199,102,1256,139
ダウンロード (1).jpg,10,vehicle,0.3439,908,110,998,188
ダウンロード (1).jpg,11,vehicle,0.276,1393,128,1561,185
ダウンロード - 2025-12-11T104639.574.jpg,1,vehicle,0.6587,1117,122,1331,295
ダウンロード - 2025-12-11T104639.574.jpg,2,vehicle,0.5567,1619,478,1918,1075
ダウンロード - 2025-12-11T104639.574.jpg,3,vehicle,0.34,31,256,121,355
ダウンロード - 2025-12-11T101832.900.jpg,1,vehicle,0.9045,144,405,614,672
ダウンロード - 2025-12-11T101832.900.jpg,2,vehicle,0.8188,242,311,733,506
ダウンロード - 2025-12-11T101832.900.jpg,3,vehicle,0.7635,0,314,102,382
ダウンロード - 2025-12-11T101832.900.jpg,4,vehicle,0.7361,774,136,830,186
ダウンロード - 2025-12-11T101832.900.jpg,5,vehicle,0.6396,37,282,138,347
ダウンロード - 2025-12-11T101832.900.jpg,6,vehicle,0.6373,107,264,199,325
ダウンロード - 2025-12-11T101832.900.jpg,7,vehicle,0.6332,409,140,701,260
ダウンロード - 2025-12-11T101832.900.jpg,8,vehicle,0.6164,172,251,240,303
ダウンロード - 2025-12-11T101832.900.jpg,9,vehicle,0.4533,847,127,897,177
ダウンロード (22).jpg,1,vehicle,0.9095,0,394,536,770
ダウンロード (22).jpg,2,vehicle,0.9013,14,305,658,598
ダウンロード (22).jpg,3,vehicle,0.8954,3,718,1115,1071
ダウンロード (22).jpg,4,vehicle,0.8404,1092,109,1197,238
ダウンロード (22).jpg,5,vehicle,0.8115,121,220,667,397
ダウンロード (22).jpg,6,vehicle,0.7972,1516,68,1870,278
ダウンロード (22).jpg,7,vehicle,0.782,306,167,548,270
ダウンロード (22).jpg,8,vehicle,0.5461,366,141,573,229
ダウンロード (22).jpg,9,vehicle,0.528,1669,76,1902,221
ダウンロード (22).jpg,10,vehicle,0.4965,1006,59,1179,141
ダウンロード (22).jpg,11,vehicle,0.4726,171,207,510,297
ダウンロード (22).jpg,12,vehicle,0.4722,875,84,987,152
ダウンロード (22).jpg,13,vehicle,0.4214,370,128,572,182
ダウンロード (79).jpg,1,person,0.9064,1485,331,1612,637
ダウンロード (79).jpg,2,vehicle,0.9056,2,311,376,543
ダウンロード (79).jpg,3,vehicle,0.8766,0,385,170,719
ダウンロード (79).jpg,4,vehicle,0.8052,1126,237,1406,424
ダウンロード (79).jpg,5,vehicle,0.6206,100,238,407,393
ダウンロード (79).jpg,6,vehicle,0.6004,1112,207,1407,326
ダウンロード (79).jpg,7,vehicle,0.5704,388,174,583,286
ダウンロード (79).jpg,8,vehicle,0.5541,298,188,549,322
ダウンロード (79).jpg,9,vehicle,0.5376,1028,147,1285,278
ダウンロード (79).jpg,10,vehicle,0.5325,249,210,469,348
ダウンロード (79).jpg,11,vehicle,0.4801,416,152,621,247
ダウンロード (79).jpg,12,vehicle,0.3673,622,113,719,173
ダウンロード (79).jpg,13,vehicle,0.3242,1130,173,1342,257
ダウンロード - 2025-12-11T103809.162.jpg,1,vehicle,0.8722,1314,138,1467,225
ダウンロード - 2025-12-11T103809.162.jpg,2,vehicle,0.7893,1429,150,1525,253
ダウンロード - 2025-12-11T103809.162.jpg,3,vehicle,0.609,1884,301,1919,415
ダウンロード - 2025-12-11T103809.162.jpg,4,vehicle,0.5979,861,75,960,123
ダウンロード - 2025-12-11T103809.162.jpg,5,vehicle,0.5466,1572,186,1666,286
ダウンロード - 2025-12-11T103809.162.jpg,6,vehicle,0.5196,1549,444,1849,670
ダウンロード (60).jpg,1,vehicle,0.9387,792,426,1126,621
ダウンロード (60).jpg,2,vehicle,0.901,556,424,824,658
ダウンロード (60).jpg,3,vehicle,0.8684,1227,376,1548,526
ダウンロード (60).jpg,4,vehicle,0.5291,1437,384,1687,517
ダウンロード (60).jpg,5,vehicle,0.4474,1520,355,1766,486
ダウンロード (60).jpg,6,vehicle,0.3912,1168,290,1342,340
ダウンロード (66).jpg,1,vehicle,0.724,1404,218,1498,291
ダウンロード (66).jpg,2,vehicle,0.2553,1830,372,1918,439
ダウンロード (65).jpg,1,vehicle,0.9263,1638,277,1919,565
ダウンロード - 2025-12-11T100121.879.jpg,1,vehicle,0.9331,773,121,1183,354
ダウンロード - 2025-12-11T100121.879.jpg,2,vehicle,0.8634,1302,57,1582,193
ダウンロード - 2025-12-11T100121.879.jpg,3,vehicle,0.8206,209,273,558,621
ダウンロード - 2025-12-11T100121.879.jpg,4,vehicle,0.8171,1254,70,1440,215
ダウンロード - 2025-12-11T100121.879.jpg,5,vehicle,0.7671,1631,30,1732,128
ダウンロード - 2025-12-11T100121.879.jpg,6,vehicle,0.7584,1544,33,1680,149
ダウンロード - 2025-12-11T100121.879.jpg,7,vehicle,0.6096,142,210,294,342
ダウンロード - 2025-12-11T100121.879.jpg,8,vehicle,0.5787,1399,34,1598,150
ダウンロード - 2025-12-11T100121.879.jpg,9,vehicle,0.5581,132,462,319,734
ダウンロード - 2025-12-11T100121.879.jpg,10,vehicle,0.5188,0,398,185,790
ダウンロード - 2025-12-11T100121.879.jpg,11,vehicle,0.3723,471,103,629,174
ダウンロード - 2025-12-11T101808.982.jpg,1,vehicle,0.9133,1465,406,1919,973
ダウンロード - 2025-12-11T101808.982.jpg,2,vehicle,0.891,1370,254,1916,601
ダウンロード - 2025-12-11T101808.982.jpg,3,vehicle,0.847,1275,159,1729,422
ダウンロード - 2025-12-11T101808.982.jpg,4,vehicle,0.8214,191,159,536,349
ダウンロード - 2025-12-11T101808.982.jpg,5,vehicle,0.6893,1223,132,1524,307
ダウンロード - 2025-12-11T101808.982.jpg,6,vehicle,0.6802,306,112,589,257
ダウンロード - 2025-12-11T101808.982.jpg,7,vehicle,0.6327,1041,18,1085,60
ダウンロード - 2025-12-11T101808.982.jpg,8,vehicle,0.5902,1189,108,1468,248
ダウンロード - 2025-12-11T101808.982.jpg,9,vehicle,0.5406,980,17,1025,62
ダウンロード - 2025-12-11T101808.982.jpg,10,vehicle,0.5393,569,84,769,189
ダウンロード - 2025-12-11T101808.982.jpg,11,vehicle,0.5282,9,208,356,445
ダウンロード - 2025-12-11T101808.982.jpg,12,vehicle,0.4725,1382,214,1917,429
ダウンロード - 2025-12-11T101808.982.jpg,13,vehicle,0.3393,1125,58,1374,178
ダウンロード - 2025-12-11T101808.982.jpg,14,vehicle,0.332,188,211,360,431
ダウンロード - 2025-12-11T101808.982.jpg,15,person,0.3307,1745,190,1777,228
ダウンロード - 2025-12-11T101808.982.jpg,16,vehicle,0.3075,1216,80,1461,162
ダウンロード (37).jpg,1,person,0.9065,1797,475,1918,1079
ダウンロード (37).jpg,2,person,0.9048,1517,691,1800,1079
ダウンロード (37).jpg,3,vehicle,0.8689,1223,276,1541,428
ダウンロード (37).jpg,4,vehicle,0.8651,1367,240,1676,382
ダウンロード (37).jpg,5,vehicle,0.816,772,357,1108,569
ダウンロード (37).jpg,6,vehicle,0.8079,1005,302,1298,492
ダウンロード (37).jpg,7,vehicle,0.4709,1836,249,1908,294
ダウンロード (37).jpg,8,vehicle,0.4448,1618,239,1730,334
ダウンロード (37).jpg,9,vehicle,0.2762,1757,237,1816,287
ダウンロード (37).jpg,10,vehicle,0.2569,1778,245,1840,288
ダウンロード (37).jpg,11,vehicle,0.2556,1225,321,1337,420
ダウンロード - 2025-12-11T100740.754.jpg,1,vehicle,0.9043,1581,612,1918,1067
ダウンロード - 2025-12-11T100740.754.jpg,2,vehicle,0.9041,878,142,1182,329
ダウンロード - 2025-12-11T100740.754.jpg,3,vehicle,0.8529,1028,115,1318,285
ダウンロード - 2025-12-11T100740.754.jpg,4,vehicle,0.7233,622,134,960,378
ダウンロード - 2025-12-11T100740.754.jpg,5,vehicle,0.7107,1152,97,1403,254
ダウンロード - 2025-12-11T100740.754.jpg,6,vehicle,0.6571,1786,478,1919,620
ダウンロード - 2025-12-11T100740.754.jpg,7,vehicle,0.5315,1253,92,1490,236
ダウンロード - 2025-12-11T100740.754.jpg,8,vehicle,0.4283,471,299,800,488
ダウンロード - 2025-12-11T100740.754.jpg,9,vehicle,0.3984,356,184,682,331
ダウンロード - 2025-12-11T100740.754.jpg,10,vehicle,0.3122,358,174,964,404
ダウンロード - 2025-12-11T100740.754.jpg,11,vehicle,0.2674,111,225,343,411
ダウンロード - 2025-12-11T100740.754.jpg,12,vehicle,0.2522,0,500,66,669
ダウンロード (57).jpg,1,vehicle,0.9344,884,226,1211,420
ダウンロード (57).jpg,2,vehicle,0.8899,643,222,914,454
ダウンロード (57).jpg,3,vehicle,0.7107,1308,189,1617,345
ダウンロード (57).jpg,4,vehicle,0.4443,1520,182,1817,343
ダウンロード (57).jpg,5,vehicle,0.2675,1329,99,1419,153
ダウンロード (73).jpg,1,vehicle,0.8986,579,277,848,412
ダウンロード (73).jpg,2,vehicle,0.6954,807,245,1074,354
ダウンロード (73).jpg,3,vehicle,0.6562,347,282,678,438
ダウンロード (73).jpg,4,vehicle,0.6234,1735,402,1918,621
ダウンロード (73).jpg,5,vehicle,0.5227,1002,233,1198,348
ダウンロード (73).jpg,6,vehicle,0.266,355,331,433,412
ダウンロード - 2025-12-11T105044.669.jpg,1,vehicle,0.945,986,111,1363,387
ダウンロード - 2025-12-11T105044.669.jpg,2,person,0.8589,212,817,420,1058
ダウンロード - 2025-12-11T105044.669.jpg,3,vehicle,0.8117,1629,94,1918,322
ダウンロード - 2025-12-11T105044.669.jpg,4,vehicle,0.7947,1487,82,1756,305
ダウンロード - 2025-12-11T105044.669.jpg,5,vehicle,0.7099,1437,23,1624,95
ダウンロード - 2025-12-11T105044.669.jpg,6,vehicle,0.3485,1785,135,1919,230
ダウンロード (47).jpg,1,vehicle,0.8439,407,303,706,467
ダウンロード (47).jpg,2,vehicle,0.776,656,259,935,462
ダウンロード (47).jpg,3,vehicle,0.7691,291,303,536,458
ダウンロード (47).jpg,4,person,0.7351,0,711,210,991
ダウンロード (47).jpg,5,vehicle,0.6658,196,339,375,459
ダウンロード (47).jpg,6,vehicle,0.5961,82,308,346,467
ダウンロード (47).jpg,7,vehicle,0.5807,834,252,1156,482
ダウンロード (47).jpg,8,vehicle,0.3975,10,361,138,464
ダウンロード (47).jpg,9,person,0.2903,0,861,232,1077
ダウンロード - 2025-12-11T101041.365.jpg,1,vehicle,0.8632,279,305,613,511
ダウンロード - 2025-12-11T101041.365.jpg,2,person,0.8614,1320,550,1570,1016
ダウンロード - 2025-12-11T101041.365.jpg,3,vehicle,0.7788,1,352,174,576
ダウンロード - 2025-12-11T101041.365.jpg,4,vehicle,0.7216,578,263,949,437
ダウンロード - 2025-12-11T101041.365.jpg,5,vehicle,0.561,922,118,1470,340
ダウンロード - 2025-12-11T101041.365.jpg,6,vehicle,0.4422,287,177,507,274
ダウンロード - 2025-12-11T101041.365.jpg,7,vehicle,0.3205,1030,242,1184,358
ダウンロード (81).jpg,1,vehicle,0.885,1169,215,1823,538
ダウンロード (81).jpg,2,vehicle,0.7142,1611,219,1910,442
ダウンロード (78).jpg,1,vehicle,0.9266,0,354,172,695
ダウンロード (78).jpg,2,vehicle,0.903,3,305,390,548
ダウンロード (78).jpg,3,vehicle,0.8086,1139,376,1426,558
ダウンロード (78).jpg,4,vehicle,0.6865,312,244,589,382
ダウンロード (78).jpg,5,vehicle,0.6492,441,228,639,340
ダウンロード (78).jpg,6,vehicle,0.5991,1142,342,1414,448
ダウンロード (78).jpg,7,vehicle,0.5364,1061,273,1358,420
ダウンロード (78).jpg,8,vehicle,0.4647,1061,282,1143,387
ダウンロード (78).jpg,9,vehicle,0.328,1028,261,1142,350
ダウンロード (78).jpg,10,vehicle,0.3241,670,196,769,254
ダウンロード (78).jpg,11,vehicle,0.2614,507,213,660,300
ダウンロード (12).jpg,1,vehicle,0.8978,1552,369,1918,625
ダウンロード (12).jpg,2,vehicle,0.8597,1370,275,1889,493
ダウンロード (12).jpg,3,vehicle,0.7756,228,182,582,343
ダウンロード (12).jpg,4,vehicle,0.6226,3,276,314,481
ダウンロード (12).jpg,5,vehicle,0.6215,1347,254,1661,379
ダウンロード (12).jpg,6,vehicle,0.5817,117,206,417,384
ダウンロード (12).jpg,7,vehicle,0.5615,1071,143,1111,184
ダウンロード (12).jpg,8,vehicle,0.5532,586,154,782,247
ダウンロード (12).jpg,9,vehicle,0.4822,1017,143,1052,179
ダウンロード (12).jpg,10,vehicle,0.4765,1135,151,1170,187
ダウンロード (12).jpg,11,vehicle,0.4645,1196,165,1231,195
ダウンロード (12).jpg,12,vehicle,0.4039,765,132,894,213
ダウンロード (54).jpg,1,vehicle,0.9326,870,315,1187,512
ダウンロード (54).jpg,2,vehicle,0.9008,634,286,969,486
ダウンロード (54).jpg,3,vehicle,0.6975,1522,325,1755,560
ダウンロード (54).jpg,4,vehicle,0.4058,1787,388,1919,591
ダウンロード - 2025-12-11T101145.147.jpg,1,vehicle,0.8204,732,135,1050,366
ダウンロード - 2025-12-11T101145.147.jpg,2,vehicle,0.8012,1534,225,1870,580
ダウンロード - 2025-12-11T101145.147.jpg,3,vehicle,0.7818,874,138,1247,420
ダウンロード - 2025-12-11T101145.147.jpg,4,vehicle,0.268,49,369,110,411
ダウンロード - 2025-12-11T101102.522.jpg,1,person,0.5786,1186,316,1247,468
ダウンロード - 2025-12-11T101102.522.jpg,2,vehicle,0.5704,1763,494,1890,638
ダウンロード - 2025-12-11T101102.522.jpg,3,vehicle,0.4204,1364,383,1640,555
ダウンロード - 2025-12-11T101102.522.jpg,4,vehicle,0.3604,731,138,1094,394
ダウンロード - 2025-12-11T101102.522.jpg,5,vehicle,0.3227,567,120,994,339
ダウンロード - 2025-12-11T101102.522.jpg,6,vehicle,0.3069,736,244,1018,391
ダウンロード - 2025-12-11T101102.522.jpg,7,vehicle,0.2562,0,649,987,1071
ダウンロード (20).jpg,1,vehicle,0.9219,665,189,1074,456
ダウンロード (20).jpg,2,vehicle,0.8956,901,193,1289,454
ダウンロード (20).jpg,3,vehicle,0.853,400,167,735,478
ダウンロード (20).jpg,4,vehicle,0.706,1458,276,1620,399
ダウンロード (20).jpg,5,vehicle,0.6873,1065,205,1338,401
ダウンロード (20).jpg,6,vehicle,0.6718,88,196,461,578
ダウンロード (20).jpg,7,vehicle,0.6072,1530,291,1681,398
ダウンロード (20).jpg,8,vehicle,0.5459,1276,240,1507,401
ダウンロード (20).jpg,9,vehicle,0.5207,1635,296,1750,388
ダウンロード - 2025-12-11T110229.784.jpg,1,vehicle,0.9247,837,119,1235,400
ダウンロード - 2025-12-11T110229.784.jpg,2,vehicle,0.9211,496,120,956,361
ダウンロード - 2025-12-11T110229.784.jpg,3,vehicle,0.7328,30,133,242,270
ダウンロード - 2025-12-11T110229.784.jpg,4,person,0.6138,20,991,96,1079
ダウンロード - 2025-12-11T110229.784.jpg,5,vehicle,0.4993,1606,138,1904,584
ダウンロード - 2025-12-11T110229.784.jpg,6,vehicle,0.4916,101,153,258,309
ダウンロード (39).jpg,1,person,0.9047,1615,654,1844,1075
ダウンロード (39).jpg,2,person,0.8482,1389,827,1651,1079
ダウンロード (39).jpg,3,vehicle,0.7783,1357,269,1638,457
ダウンロード (39).jpg,4,vehicle,0.7659,1533,311,1694,446
ダウンロード (39).jpg,5,vehicle,0.7621,1208,275,1500,453
ダウンロード (39).jpg,6,vehicle,0.581,1341,328,1500,454
ダウンロード (39).jpg,7,vehicle,0.5444,0,274,174,481
ダウンロード (39).jpg,8,vehicle,0.2575,1654,342,1717,398
ダウンロード (61).jpg,1,vehicle,0.9141,980,291,1323,527
ダウンロード (61).jpg,2,vehicle,0.8612,726,245,1056,511
ダウンロード (61).jpg,3,vehicle,0.7377,429,218,843,563
ダウンロード (61).jpg,4,vehicle,0.4435,375,261,454,375
ダウンロード (25).jpg,1,person,0.9292,89,578,348,1077
ダウンロード (25).jpg,2,vehicle,0.9176,1000,250,1316,435
ダウンロード (25).jpg,3,vehicle,0.8729,1234,247,1564,492
ダウンロード (25).jpg,4,vehicle,0.7871,654,231,920,377
ダウンロード (25).jpg,5,vehicle,0.7831,341,227,550,338
ダウンロード (25).jpg,6,vehicle,0.7352,0,556,80,793
ダウンロード (25).jpg,7,vehicle,0.6791,174,256,297,326
ダウンロード (25).jpg,8,vehicle,0.6303,838,227,1107,387
ダウンロード (25).jpg,9,vehicle,0.5072,40,301,74,337
ダウンロード (25).jpg,10,vehicle,0.491,255,250,355,329
ダウンロード (25).jpg,11,vehicle,0.3506,518,223,711,350
ダウンロード (25).jpg,12,vehicle,0.3106,591,227,800,355
ダウンロード (25).jpg,13,vehicle,0.2797,100,297,136,324
ダウンロード (25).jpg,14,vehicle,0.2745,0,306,24,349
ダウンロード (10).jpg,1,vehicle,0.9072,1337,334,1726,500
ダウンロード (10).jpg,2,vehicle,0.8554,1238,284,1528,406
ダウンロード (10).jpg,3,vehicle,0.7803,42,135,490,322
ダウンロード (10).jpg,4,vehicle,0.76,2,230,390,478
ダウンロード (10).jpg,5,vehicle,0.7162,1091,223,1273,330
ダウンロード (10).jpg,6,vehicle,0.5176,948,170,1074,249
ダウンロード (10).jpg,7,vehicle,0.3891,1338,310,1571,437
ダウンロード (10).jpg,8,vehicle,0.2997,316,119,557,239
ダウンロード (10).jpg,9,vehicle,0.2802,731,130,764,163
ダウンロード - 2025-12-11T101425.109.jpg,1,vehicle,0.9305,1234,249,1598,464
ダウンロード - 2025-12-11T101425.109.jpg,2,vehicle,0.8643,1104,174,1489,364
ダウンロード - 2025-12-11T101425.109.jpg,3,vehicle,0.8164,918,140,1293,300
ダウンロード - 2025-12-11T101425.109.jpg,4,vehicle,0.8037,1466,297,1840,602
ダウンロード - 2025-12-11T101425.109.jpg,5,vehicle,0.7309,794,116,994,220
ダウンロード - 2025-12-11T101425.109.jpg,6,vehicle,0.7302,0,230,288,517
ダウンロード - 2025-12-11T101425.109.jpg,7,vehicle,0.6999,0,391,248,940
ダウンロード - 2025-12-11T101425.109.jpg,8,vehicle,0.6819,505,60,558,106
ダウンロード - 2025-12-11T101425.109.jpg,9,vehicle,0.6421,906,120,1114,222
ダウンロード - 2025-12-11T101425.109.jpg,10,vehicle,0.6142,1743,371,1919,769
ダウンロード - 2025-12-11T101425.109.jpg,11,vehicle,0.59,610,60,719,123
ダウンロード - 2025-12-11T101425.109.jpg,12,vehicle,0.5732,640,75,733,139
ダウンロード - 2025-12-11T101425.109.jpg,13,vehicle,0.5559,766,93,928,173
ダウンロード - 2025-12-11T101425.109.jpg,14,vehicle,0.533,444,56,488,105
ダウンロード - 2025-12-11T101425.109.jpg,15,vehicle,0.4755,242,173,392,305
ダウンロード - 2025-12-11T101425.109.jpg,16,vehicle,0.4173,152,165,374,406
ダウンロード (59).jpg,1,vehicle,0.9367,1475,219,1776,412
ダウンロード (59).jpg,2,vehicle,0.9114,117,389,473,572
ダウンロード (59).jpg,3,vehicle,0.8769,2,439,229,684
ダウンロード (59).jpg,4,vehicle,0.8449,0,588,80,781
ダウンロード (59).jpg,5,vehicle,0.8204,1242,200,1505,430
ダウンロード (63).jpg,1,person,0.8651,77,576,209,814
ダウンロード (40).jpg,1,vehicle,0.8575,249,347,462,485
ダウンロード (40).jpg,2,vehicle,0.8453,2,357,210,462
ダウンロード (40).jpg,3,vehicle,0.7197,558,311,904,526
ダウンロード (40).jpg,4,vehicle,0.5751,411,316,664,488
ダウンロード (40).jpg,5,vehicle,0.2646,3,349,138,422
ダウンロード (71).jpg,1,person,0.7448,812,969,1079,1079
ダウンロード (71).jpg,2,vehicle,0.5135,-1,298,647,667
ダウンロード (71).jpg,3,vehicle,0.4161,1093,192,1242,291
ダウンロード (71).jpg,4,vehicle,0.2862,537,188,574,224
ダウンロード (71).jpg,5,vehicle,0.2606,1123,193,1404,311
ダウンロード (71).jpg,6,vehicle,0.2593,599,184,641,219
ダウンロード - 2025-12-11T131353.196.jpg,1,vehicle,0.8666,1416,105,1659,218
ダウンロード - 2025-12-11T131353.196.jpg,2,vehicle,0.7851,1014,6,1175,110
ダウンロード - 2025-12-11T131353.196.jpg,3,vehicle,0.65,809,51,1012,171
ダウンロード - 2025-12-11T131353.196.jpg,4,vehicle,0.4901,1607,477,1737,594
ダウンロード - 2025-12-11T131353.196.jpg,5,vehicle,0.4121,1205,0,1513,40
ダウンロード - 2025-12-11T131353.196.jpg,6,vehicle,0.3555,1846,83,1891,119
ダウンロード (5).jpg,1,vehicle,0.9203,1004,247,1439,501
ダウンロード (5).jpg,2,vehicle,0.9154,853,235,1191,420
ダウンロード (5).jpg,3,vehicle,0.8792,1301,317,1645,575
ダウンロード (5).jpg,4,vehicle,0.879,758,221,1046,362
ダウンロード (5).jpg,5,vehicle,0.7344,715,202,947,327
ダウンロード (5).jpg,6,vehicle,0.7141,645,188,848,305
ダウンロード (5).jpg,7,vehicle,0.6598,479,176,626,266
ダウンロード (5).jpg,8,vehicle,0.6475,425,176,518,233
ダウンロード (5).jpg,9,vehicle,0.6397,1515,358,1904,721
ダウンロード (5).jpg,10,vehicle,0.6396,561,175,727,274
ダウンロード (5).jpg,11,vehicle,0.5952,222,203,273,244
ダウンロード (5).jpg,12,vehicle,0.3933,304,198,353,235
ダウンロード (5).jpg,13,vehicle,0.3839,454,173,567,237
ダウンロード (99).jpg,1,vehicle,0.7867,433,146,873,438
ダウンロード (99).jpg,2,vehicle,0.4874,1614,230,1743,359
ダウンロード (93).jpg,1,vehicle,0.8146,41,193,360,548
ダウンロード (93).jpg,2,vehicle,0.7484,1197,137,1414,323
ダウンロード (93).jpg,3,vehicle,0.7002,1442,154,1622,315
ダウンロード (93).jpg,4,vehicle,0.6857,344,151,769,460
ダウンロード (93).jpg,5,vehicle,0.6837,1252,122,1564,326
ダウンロード (93).jpg,6,vehicle,0.6319,1698,210,1782,293
ダウンロード (93).jpg,7,vehicle,0.4836,1621,189,1717,293
ダウンロード (93).jpg,8,vehicle,0.4137,164,807,1753,1069
ダウンロード (93).jpg,9,person,0.3703,41,1016,219,1079
ダウンロード (93).jpg,10,vehicle,0.3678,1858,292,1918,357
ダウンロード (93).jpg,11,vehicle,0.3523,1526,162,1675,312
ダウンロード (6).jpg,1,vehicle,0.9149,1582,670,1918,1059
ダウンロード (6).jpg,2,vehicle,0.904,1162,399,1629,647
ダウンロード (6).jpg,3,vehicle,0.8787,1416,544,1778,780
ダウンロード (6).jpg,4,vehicle,0.7738,1035,331,1412,494
ダウンロード (6).jpg,5,vehicle,0.7573,966,280,1224,396
ダウンロード (6).jpg,6,vehicle,0.7184,555,61,605,96
ダウンロード (6).jpg,7,vehicle,0.7135,878,179,1059,294
ダウンロード (6).jpg,8,vehicle,0.6863,822,162,975,249
ダウンロード (6).jpg,9,vehicle,0.674,923,230,1184,344
ダウンロード (6).jpg,10,vehicle,0.651,470,39,526,78
ダウンロード (6).jpg,11,vehicle,0.5866,720,113,878,198
ダウンロード (6).jpg,12,vehicle,0.5384,679,91,767,138
ダウンロード (6).jpg,13,vehicle,0.2983,714,110,813,180
ダウンロード (62).jpg,1,vehicle,0.9316,1543,325,1848,527
ダウンロード (62).jpg,2,vehicle,0.9109,155,394,517,581
ダウンロード (62).jpg,3,vehicle,0.8428,1309,289,1570,523
ダウンロード (62).jpg,4,vehicle,0.8244,0,524,105,778
ダウンロード (62).jpg,5,vehicle,0.8011,4,420,264,672
ダウンロード (62).jpg,6,vehicle,0.2997,1205,291,1247,391
ダウンロード - 2025-12-11T102511.722.jpg,1,vehicle,0.9031,950,205,1280,411
ダウンロード - 2025-12-11T102511.722.jpg,2,vehicle,0.7661,817,172,1130,338
ダウンロード - 2025-12-11T102511.722.jpg,3,vehicle,0.631,704,153,991,295
ダウンロード - 2025-12-11T102511.722.jpg,4,vehicle,0.514,566,144,795,264
ダウンロード - 2025-12-11T102511.722.jpg,5,vehicle,0.402,389,119,605,217
ダウンロード - 2025-12-11T102511.722.jpg,6,vehicle,0.2527,540,132,696,210
ダウンロード (43).jpg,1,vehicle,0.8619,678,315,1012,509
ダウンロード (43).jpg,2,vehicle,0.6528,1336,268,1626,416
ダウンロード (43).jpg,3,person,0.6048,1855,785,1919,1080
ダウンロード (43).jpg,4,vehicle,0.2994,1461,261,1703,390
ダウンロード (33).jpg,1,vehicle,0.9064,1043,208,1366,383
ダウンロード (33).jpg,2,vehicle,0.8953,589,244,819,419
ダウンロード (33).jpg,3,vehicle,0.885,810,205,1116,399
ダウンロード (33).jpg,4,vehicle,0.876,1404,195,1691,362
ダウンロード (33).jpg,5,vehicle,0.7912,1238,188,1501,361
ダウンロード (33).jpg,6,vehicle,0.6259,1772,237,1902,349
ダウンロード (33).jpg,7,vehicle,0.598,1524,193,1779,354
ダウンロード (33).jpg,8,vehicle,0.2667,1870,247,1919,347
ダウンロード (8).jpg,1,vehicle,0.9001,436,304,731,639
ダウンロード (8).jpg,2,vehicle,0.8992,712,327,1180,652
ダウンロード (8).jpg,3,vehicle,0.8982,1247,376,1598,613
ダウンロード (8).jpg,4,vehicle,0.8961,1042,369,1429,629
ダウンロード (8).jpg,5,vehicle,0.8107,1425,402,1720,613
ダウンロード (8).jpg,6,vehicle,0.718,47,287,355,679
ダウンロード (8).jpg,7,vehicle,0.3665,0,319,76,712
ダウンロード (8).jpg,8,vehicle,0.2506,1253,771,1851,1076
ダウンロード - 2025-12-11T095710.242.jpg,1,vehicle,0.9283,1422,277,1802,781
ダウンロード - 2025-12-11T095710.242.jpg,2,vehicle,0.8993,1389,224,1801,504
ダウンロード - 2025-12-11T095710.242.jpg,3,vehicle,0.8707,1262,169,1761,388
ダウンロード - 2025-12-11T095710.242.jpg,4,vehicle,0.8369,1376,703,1919,1068
ダウンロード - 2025-12-11T095710.242.jpg,5,vehicle,0.8161,0,181,328,445
ダウンロード - 2025-12-11T095710.242.jpg,6,person,0.792,1503,415,1691,792
ダウンロード - 2025-12-11T095710.242.jpg,7,vehicle,0.7772,999,35,1053,80
ダウンロード - 2025-12-11T095710.242.jpg,8,vehicle,0.7719,1079,51,1122,82
ダウンロード - 2025-12-11T095710.242.jpg,9,vehicle,0.7348,1220,102,1550,248
ダウンロード - 2025-12-11T095710.242.jpg,10,vehicle,0.7264,168,188,514,437
ダウンロード - 2025-12-11T095710.242.jpg,11,vehicle,0.3942,1304,147,1603,267
ダウンロード - 2025-12-11T095710.242.jpg,12,vehicle,0.3379,0,202,167,345
ダウンロード - 2025-12-11T100435.051.jpg,1,vehicle,0.9064,372,132,831,452
ダウンロード - 2025-12-11T100435.051.jpg,2,vehicle,0.8339,1084,84,1457,274
ダウンロード - 2025-12-11T100435.051.jpg,3,vehicle,0.8298,49,180,488,585
ダウンロード - 2025-12-11T100435.051.jpg,4,vehicle,0.7681,641,98,1044,360
ダウンロード - 2025-12-11T100435.051.jpg,5,vehicle,0.7634,894,92,1222,293
ダウンロード - 2025-12-11T100435.051.jpg,6,vehicle,0.7607,1779,231,1864,301
ダウンロード - 2025-12-11T100435.051.jpg,7,vehicle,0.6828,1867,447,1918,585
ダウンロード - 2025-12-11T100435.051.jpg,8,vehicle,0.6551,1308,76,1417,153
ダウンロード - 2025-12-11T100435.051.jpg,9,vehicle,0.6148,1869,617,1919,739
ダウンロード - 2025-12-11T100435.051.jpg,10,vehicle,0.5126,1452,91,1528,184
ダウンロード - 2025-12-11T100435.051.jpg,11,vehicle,0.5083,1550,115,1637,216
ダウンロード - 2025-12-11T100435.051.jpg,12,vehicle,0.3604,1893,360,1919,443
ダウンロード - 2025-12-11T100435.051.jpg,13,vehicle,0.2771,1204,58,1315,104
ダウンロード - 2025-12-11T101550.307.jpg,1,vehicle,0.8359,318,176,451,258
ダウンロード - 2025-12-11T101550.307.jpg,2,vehicle,0.7375,205,173,328,272
ダウンロード - 2025-12-11T101550.307.jpg,3,vehicle,0.7196,1793,309,1846,363
ダウンロード - 2025-12-11T101550.307.jpg,4,vehicle,0.6888,1063,130,1414,312
ダウンロード - 2025-12-11T101550.307.jpg,5,vehicle,0.6599,0,198,60,311
ダウンロード - 2025-12-11T101550.307.jpg,6,vehicle,0.5128,1244,136,1515,293
ダウンロード - 2025-12-11T101550.307.jpg,7,vehicle,0.5069,404,178,532,246
ダウンロード - 2025-12-11T101550.307.jpg,8,person,0.3664,1863,325,1894,399
ダウンロード (13).jpg,1,vehicle,0.8735,1,269,202,470
ダウンロード (13).jpg,2,vehicle,0.8691,1231,231,1761,453
ダウンロード (13).jpg,3,vehicle,0.8544,1420,322,1896,599
ダウンロード (13).jpg,4,vehicle,0.8035,111,174,461,328
ダウンロード (13).jpg,5,vehicle,0.7304,1210,220,1516,349
ダウンロード (13).jpg,6,vehicle,0.7125,48,206,297,369
ダウンロード (13).jpg,7,vehicle,0.6467,432,160,589,253
ダウンロード (13).jpg,8,vehicle,0.5855,483,143,654,229
ダウンロード (13).jpg,9,vehicle,0.4814,1000,128,1034,162
ダウンロード (13).jpg,10,vehicle,0.432,936,120,976,160
ダウンロード (13).jpg,11,vehicle,0.3691,885,124,919,159
ダウンロード (13).jpg,12,vehicle,0.303,1061,139,1092,167
ダウンロード (13).jpg,13,vehicle,0.2583,641,118,759,191
ダウンロード - 2025-12-11T104619.919.jpg,1,vehicle,0.904,806,40,1088,215
ダウンロード - 2025-12-11T104619.919.jpg,2,vehicle,0.8525,1016,16,1346,235
ダウンロード - 2025-12-11T104619.919.jpg,3,vehicle,0.6483,1246,38,1627,285
ダウンロード - 2025-12-11T104619.919.jpg,4,vehicle,0.2801,1729,112,1788,215
ダウンロード (35).jpg,1,person,0.841,117,778,507,1077
ダウンロード (35).jpg,2,vehicle,0.703,651,316,912,472
ダウンロード (35).jpg,3,vehicle,0.5709,1154,289,1412,500
ダウンロード (35).jpg,4,vehicle,0.4913,300,292,523,468
ダウンロード (35).jpg,5,vehicle,0.3452,1051,198,1226,288
ダウンロード (55).jpg,1,vehicle,0.9091,612,345,866,570
ダウンロード (55).jpg,2,vehicle,0.8613,846,369,1148,559
ダウンロード (55).jpg,3,vehicle,0.8537,20,394,294,607
ダウンロード (55).jpg,4,vehicle,0.7659,0,381,100,564
ダウンロード (55).jpg,5,vehicle,0.6461,1082,342,1359,539
ダウンロード (55).jpg,6,vehicle,0.4944,1292,341,1596,535
ダウンロード (55).jpg,7,person,0.4045,1845,774,1919,1075
ダウンロード (55).jpg,8,vehicle,0.3237,1517,382,1691,514
ダウンロード (15).jpg,1,vehicle,0.9381,655,125,1184,425
ダウンロード (15).jpg,2,vehicle,0.9229,501,100,900,295
ダウンロード (15).jpg,3,vehicle,0.8886,422,77,732,244
ダウンロード (15).jpg,4,vehicle,0.8793,245,69,542,232
ダウンロード (15).jpg,5,vehicle,0.6911,1062,191,1462,525
ダウンロード (15).jpg,6,vehicle,0.6257,1434,310,1739,664
ダウンロード (15).jpg,7,vehicle,0.4819,1814,404,1918,769
ダウンロード (15).jpg,8,person,0.4516,111,102,142,184
ダウンロード (14).jpg,1,vehicle,0.9326,641,175,1128,473
ダウンロード (14).jpg,2,person,0.9191,515,636,914,1073
ダウンロード (14).jpg,3,vehicle,0.9139,478,182,845,398
ダウンロード (14).jpg,4,vehicle,0.8541,1055,188,1417,500
ダウンロード (14).jpg,5,vehicle,0.8094,393,181,665,372
ダウンロード (14).jpg,6,vehicle,0.7915,1434,244,1693,561
ダウンロード (14).jpg,7,person,0.7901,0,554,169,952
ダウンロード (14).jpg,8,vehicle,0.7008,213,187,501,377
ダウンロード (14).jpg,9,vehicle,0.5244,1799,265,1918,605
ダウンロード - 2025-12-11T110259.742.jpg,1,vehicle,0.9378,1466,242,1893,463
ダウンロード - 2025-12-11T110259.742.jpg,2,vehicle,0.9129,-1,455,727,923
ダウンロード - 2025-12-11T110259.742.jpg,3,vehicle,0.8992,1767,341,1918,599
ダウンロード - 2025-12-11T110259.742.jpg,4,vehicle,0.8444,136,267,675,549
ダウンロード - 2025-12-11T110259.742.jpg,5,person,0.8322,323,824,600,1079
ダウンロード - 2025-12-11T110259.742.jpg,6,vehicle,0.8043,187,211,647,373
ダウンロード - 2025-12-11T110259.742.jpg,7,vehicle,0.7863,1084,117,1250,252
ダウンロード - 2025-12-11T110259.742.jpg,8,vehicle,0.697,1032,97,1212,191
ダウンロード - 2025-12-11T110259.742.jpg,9,vehicle,0.551,1204,116,1590,291
ダウンロード - 2025-12-11T110259.742.jpg,10,vehicle,0.5232,949,95,1106,183
ダウンロード - 2025-12-11T110259.742.jpg,11,vehicle,0.4866,931,90,1024,152
ダウンロード - 2025-12-11T110259.742.jpg,12,vehicle,0.4145,0,742,350,1077
ダウンロード - 2025-12-11T110259.742.jpg,13,vehicle,0.342,382,116,594,263
ダウンロード - 2025-12-11T110259.742.jpg,14,vehicle,0.2869,542,118,601,192
ダウンロード - 2025-12-11T110259.742.jpg,15,vehicle,0.2615,192,202,566,279
ダウンロード - 2025-12-11T105941.988.jpg,1,vehicle,0.8774,0,360,608,1073
ダウンロード - 2025-12-11T105941.988.jpg,2,vehicle,0.8569,1792,284,1919,566
ダウンロード - 2025-12-11T105941.988.jpg,3,vehicle,0.8407,843,132,1096,288
ダウンロード - 2025-12-11T105941.988.jpg,4,vehicle,0.8044,1023,125,1319,318
ダウンロード - 2025-12-11T105941.988.jpg,5,vehicle,0.766,234,256,292,302
ダウンロード (3).jpg,1,vehicle,0.9318,713,528,1177,821
ダウンロード (3).jpg,2,vehicle,0.9162,1005,723,1414,1076
ダウンロード (3).jpg,3,vehicle,0.9078,531,393,957,610
ダウンロード (3).jpg,4,vehicle,0.8339,364,243,785,440
ダウンロード (3).jpg,5,vehicle,0.706,260,130,578,301
ダウンロード (3).jpg,6,vehicle,0.539,200,86,417,181
ダウンロード (3).jpg,7,person,0.3873,174,47,204,102
ダウンロード - 2025-12-11T101400.038.jpg,1,vehicle,0.9069,9,400,727,994
ダウンロード - 2025-12-11T101400.038.jpg,2,vehicle,0.8759,1488,273,1813,473
ダウンロード - 2025-12-11T101400.038.jpg,3,vehicle,0.8749,1710,338,1917,581
ダウンロード - 2025-12-11T101400.038.jpg,4,vehicle,0.8637,10,247,611,530
ダウンロード - 2025-12-11T101400.038.jpg,5,vehicle,0.8261,2,757,642,1074
ダウンロード - 2025-12-11T101400.038.jpg,6,vehicle,0.8075,1029,163,1181,261
ダウンロード - 2025-12-11T101400.038.jpg,7,vehicle,0.7355,1144,180,1360,305
ダウンロード - 2025-12-11T101400.038.jpg,8,vehicle,0.7286,1351,222,1630,387
ダウンロード - 2025-12-11T101400.038.jpg,9,person,0.7249,984,180,1040,325
ダウンロード - 2025-12-11T101400.038.jpg,10,vehicle,0.6876,1127,170,1272,267
ダウンロード - 2025-12-11T101400.038.jpg,11,vehicle,0.5702,667,119,722,161
ダウンロード - 2025-12-11T101400.038.jpg,12,vehicle,0.4905,275,189,656,487
ダウンロード - 2025-12-11T101400.038.jpg,13,vehicle,0.4577,968,146,1127,211
ダウンロード - 2025-12-11T101400.038.jpg,14,vehicle,0.3833,566,156,605,196
ダウンロード - 2025-12-11T101400.038.jpg,15,person,0.3525,957,243,1004,319
ダウンロード - 2025-12-11T101400.038.jpg,16,vehicle,0.319,515,278,654,464
ダウンロード - 2025-12-11T101400.038.jpg,17,vehicle,0.2687,0,53,474,315
ダウンロード - 2025-12-11T101400.038.jpg,18,vehicle,0.2653,10,388,615,680
ダウンロード - 2025-12-11T103837.699.jpg,1,vehicle,0.9302,704,96,1078,310
ダウンロード - 2025-12-11T103837.699.jpg,2,person,0.9174,1590,443,1915,1053
ダウンロード - 2025-12-11T103837.699.jpg,3,vehicle,0.8467,884,71,1156,240
ダウンロード - 2025-12-11T103837.699.jpg,4,vehicle,0.8327,1065,75,1265,226
ダウンロード - 2025-12-11T103837.699.jpg,5,vehicle,0.7316,1,263,106,373
ダウンロード - 2025-12-11T103837.699.jpg,6,vehicle,0.6804,1660,165,1729,228
ダウンロード - 2025-12-11T103837.699.jpg,7,vehicle,0.2679,244,252,295,302
ダウンロード - 2025-12-11T104440.691.jpg,1,vehicle,0.8574,926,88,1186,225
ダウンロード - 2025-12-11T104440.691.jpg,2,vehicle,0.8413,755,100,979,243
ダウンロード - 2025-12-11T104440.691.jpg,3,vehicle,0.8273,1097,94,1282,209
ダウンロード - 2025-12-11T104440.691.jpg,4,vehicle,0.7471,1202,105,1351,201
ダウンロード - 2025-12-11T104440.691.jpg,5,vehicle,0.6732,390,164,611,344
ダウンロード - 2025-12-11T104440.691.jpg,6,vehicle,0.5977,1252,89,1377,185
ダウンロード - 2025-12-11T104440.691.jpg,7,vehicle,0.537,1762,201,1917,302
ダウンロード - 2025-12-11T104440.691.jpg,8,vehicle,0.4597,1445,86,1632,186
ダウンロード - 2025-12-11T104440.691.jpg,9,vehicle,0.4541,1437,95,1534,191
ダウンロード - 2025-12-11T104440.691.jpg,10,vehicle,0.4138,1304,85,1533,192
ダウンロード - 2025-12-11T104440.691.jpg,11,vehicle,0.3247,1648,112,1743,178
ダウンロード - 2025-12-11T104440.691.jpg,12,vehicle,0.3073,558,180,679,286
ダウンロード - 2025-12-11T104440.691.jpg,13,vehicle,0.2746,1877,173,1918,211
ダウンロード - 2025-12-11T103905.182.jpg,1,vehicle,0.9195,10,249,360,446
ダウンロード - 2025-12-11T103905.182.jpg,2,person,0.9046,985,398,1277,1052
ダウンロード - 2025-12-11T103905.182.jpg,3,vehicle,0.8703,0,286,124,525
ダウンロード - 2025-12-11T103905.182.jpg,4,vehicle,0.8682,1427,289,1917,1065
ダウンロード - 2025-12-11T103905.182.jpg,5,vehicle,0.8077,953,154,1026,217
ダウンロード - 2025-12-11T103905.182.jpg,6,vehicle,0.797,340,178,534,312
ダウンロード - 2025-12-11T103905.182.jpg,7,vehicle,0.6165,169,187,432,342
ダウンロード - 2025-12-11T103905.182.jpg,8,vehicle,0.5728,1748,191,1918,322
ダウンロード - 2025-12-11T100142.751.jpg,1,vehicle,0.8876,766,132,1146,344
ダウンロード - 2025-12-11T100142.751.jpg,2,vehicle,0.8575,279,369,548,551
ダウンロード - 2025-12-11T100142.751.jpg,3,vehicle,0.8306,1694,462,1918,1082
ダウンロード - 2025-12-11T100142.751.jpg,4,vehicle,0.7978,1319,85,1582,214
ダウンロード - 2025-12-11T100142.751.jpg,5,vehicle,0.7101,1644,67,1772,160
ダウンロード - 2025-12-11T100142.751.jpg,6,vehicle,0.6416,1826,413,1919,608
ダウンロード - 2025-12-11T100142.751.jpg,7,vehicle,0.5937,1238,95,1418,236
ダウンロード - 2025-12-11T100142.751.jpg,8,vehicle,0.5775,1591,71,1695,180
ダウンロード - 2025-12-11T100142.751.jpg,9,vehicle,0.5558,1540,67,1654,186
ダウンロード - 2025-12-11T100142.751.jpg,10,vehicle,0.5114,1398,60,1633,187
ダウンロード - 2025-12-11T100142.751.jpg,11,vehicle,0.4876,246,253,470,398
ダウンロード - 2025-12-11T100142.751.jpg,12,vehicle,0.4251,186,194,337,337
ダウンロード - 2025-12-11T100142.751.jpg,13,vehicle,0.4186,584,287,841,433
ダウンロード - 2025-12-11T100142.751.jpg,14,person,0.3877,78,1009,196,1080
ダウンロード - 2025-12-11T100142.751.jpg,15,vehicle,0.3381,1138,91,1311,271
ダウンロード - 2025-12-11T100142.751.jpg,16,vehicle,0.3271,485,79,639,162
ダウンロード - 2025-12-11T100142.751.jpg,17,vehicle,0.3219,1238,96,1384,157
ダウンロード - 2025-12-11T100142.751.jpg,18,person,0.3017,972,1033,1167,1079
ダウンロード (77).jpg,1,vehicle,0.9061,3,303,753,978
ダウンロード (77).jpg,2,vehicle,0.8644,1525,267,1769,423
ダウンロード (77).jpg,3,vehicle,0.8636,162,278,574,481
ダウンロード (77).jpg,4,vehicle,0.8325,339,267,726,491
ダウンロード (77).jpg,5,person,0.747,283,691,651,1075
ダウンロード (77).jpg,6,vehicle,0.494,940,219,1015,304
ダウンロード - 2025-12-11T105229.894.jpg,1,vehicle,0.9349,308,162,679,366
ダウンロード - 2025-12-11T105229.894.jpg,2,vehicle,0.8068,736,105,1083,250
ダウンロード - 2025-12-11T105229.894.jpg,3,vehicle,0.7925,486,130,771,294
ダウンロード - 2025-12-11T105229.894.jpg,4,vehicle,0.6955,622,125,888,262
ダウンロード - 2025-12-11T105229.894.jpg,5,vehicle,0.5701,1061,107,1210,206
ダウンロード - 2025-12-11T105229.894.jpg,6,vehicle,0.5272,906,116,1094,216
ダウンロード - 2025-12-11T105229.894.jpg,7,vehicle,0.5233,421,70,489,118
ダウンロード - 2025-12-11T105229.894.jpg,8,vehicle,0.4947,959,102,1172,205
ダウンロード - 2025-12-11T105229.894.jpg,9,vehicle,0.4486,1271,118,1349,168
ダウンロード - 2025-12-11T105229.894.jpg,10,vehicle,0.371,1147,108,1302,186
ダウンロード (34).jpg,1,vehicle,0.8396,1063,231,1317,438
ダウンロード (34).jpg,2,vehicle,0.7146,782,231,1078,432
ダウンロード (34).jpg,3,vehicle,0.6956,1611,217,1905,450
ダウンロード (34).jpg,4,vehicle,0.6822,1802,201,1921,354
ダウンロード (34).jpg,5,vehicle,0.3849,1,386,48,453
ダウンロード - 2025-12-11T100006.562.jpg,1,person,0.8946,544,243,649,523
ダウンロード - 2025-12-11T100006.562.jpg,2,person,0.8692,452,667,737,1076
ダウンロード - 2025-12-11T100006.562.jpg,3,vehicle,0.8234,1094,186,1388,334
ダウンロード - 2025-12-11T100006.562.jpg,4,vehicle,0.8148,1670,278,1917,527
ダウンロード - 2025-12-11T100006.562.jpg,5,vehicle,0.8089,1359,208,1697,386
ダウンロード - 2025-12-11T100006.562.jpg,6,vehicle,0.7182,0,526,526,1070
ダウンロード - 2025-12-11T100006.562.jpg,7,vehicle,0.6058,1431,121,1695,229
ダウンロード - 2025-12-11T100006.562.jpg,8,vehicle,0.4842,1693,192,1917,331
ダウンロード - 2025-12-11T100006.562.jpg,9,vehicle,0.4571,1147,115,1459,210
ダウンロード - 2025-12-11T100006.562.jpg,10,vehicle,0.3972,1849,96,1919,201
ダウンロード - 2025-12-11T100006.562.jpg,11,vehicle,0.3444,1689,89,1885,206
ダウンロード - 2025-12-11T100006.562.jpg,12,vehicle,0.3329,925,70,1274,273
ダウンロード - 2025-12-11T100006.562.jpg,13,vehicle,0.2821,1550,58,1702,153
ダウンロード - 2025-12-11T102541.214.jpg,1,vehicle,0.8753,1045,150,1240,227
ダウンロード - 2025-12-11T102541.214.jpg,2,vehicle,0.8671,1716,439,1918,653
ダウンロード - 2025-12-11T102541.214.jpg,3,vehicle,0.8558,1565,377,1828,542
ダウンロード - 2025-12-11T102541.214.jpg,4,vehicle,0.815,906,84,1043,144
ダウンロード - 2025-12-11T102541.214.jpg,5,vehicle,0.7769,1001,117,1154,191
ダウンロード - 2025-12-11T102541.214.jpg,6,vehicle,0.6573,879,73,975,125
ダウンロード - 2025-12-11T102541.214.jpg,7,vehicle,0.5997,795,47,871,92
ダウンロード - 2025-12-11T102541.214.jpg,8,vehicle,0.5771,843,61,931,108
ダウンロード - 2025-12-11T102541.214.jpg,9,vehicle,0.5044,740,36,827,76
ダウンロード - 2025-12-11T102541.214.jpg,10,vehicle,0.4111,1818,628,1919,820
ダウンロード - 2025-12-11T102541.214.jpg,11,vehicle,0.3618,702,25,754,58
ダウンロード - 2025-12-11T102541.214.jpg,12,vehicle,0.2841,1882,628,1919,815
ダウンロード - 2025-12-11T102541.214.jpg,13,vehicle,0.2729,721,28,771,62
ダウンロード (52).jpg,1,vehicle,0.743,1852,376,1919,505
ダウンロード (49).jpg,1,vehicle,0.6962,632,266,892,446
ダウンロード (49).jpg,2,vehicle,0.6642,1129,234,1322,446
ダウンロード (49).jpg,3,vehicle,0.5386,194,315,395,476
ダウンロード - 2025-12-11T100407.700.jpg,1,vehicle,0.9,1708,546,1918,742
ダウンロード - 2025-12-11T100407.700.jpg,2,vehicle,0.8233,1605,677,1919,1071
ダウンロード - 2025-12-11T100407.700.jpg,3,vehicle,0.7585,1726,435,1919,570
ダウンロード - 2025-12-11T100407.700.jpg,4,vehicle,0.6734,85,171,405,495
ダウンロード - 2025-12-11T100407.700.jpg,5,vehicle,0.5573,622,115,932,336
ダウンロード - 2025-12-11T100407.700.jpg,6,vehicle,0.5505,1724,206,1818,315
ダウンロード - 2025-12-11T100407.700.jpg,7,vehicle,0.4996,1810,390,1919,462
ダウンロード - 2025-12-11T100407.700.jpg,8,vehicle,0.4701,338,179,718,403
ダウンロード - 2025-12-11T100407.700.jpg,9,vehicle,0.4325,1258,98,1354,139
ダウンロード - 2025-12-11T100407.700.jpg,10,vehicle,0.4126,1171,74,1279,128
ダウンロード - 2025-12-11T100407.700.jpg,11,vehicle,0.3298,351,129,600,214
ダウンロード - 2025-12-11T100407.700.jpg,12,vehicle,0.3242,1807,317,1918,428
ダウンロード - 2025-12-11T100407.700.jpg,13,vehicle,0.2535,36,151,721,506
ダウンロード - 2025-12-11T105248.078.jpg,1,person,0.8878,1218,894,1437,1078
ダウンロード - 2025-12-11T105248.078.jpg,2,vehicle,0.8252,172,140,416,341
ダウンロード - 2025-12-11T101519.428.jpg,1,vehicle,0.8574,1157,262,1297,354
ダウンロード - 2025-12-11T101519.428.jpg,2,vehicle,0.8573,1275,268,1417,374
ダウンロード - 2025-12-11T101519.428.jpg,3,vehicle,0.8379,1408,295,1519,393
ダウンロード - 2025-12-11T101519.428.jpg,4,vehicle,0.7738,1866,385,1919,497
ダウンロード - 2025-12-11T101519.428.jpg,5,vehicle,0.7709,1767,361,1874,467
ダウンロード - 2025-12-11T101519.428.jpg,6,vehicle,0.7142,1682,334,1752,434
ダウンロード - 2025-12-11T101519.428.jpg,7,vehicle,0.2875,1539,308,1629,422
ダウンロード (98).jpg,1,vehicle,0.9288,452,146,847,478
ダウンロード (98).jpg,2,vehicle,0.9225,184,173,568,464
ダウンロード (98).jpg,3,vehicle,0.7507,1,180,355,460
ダウンロード (98).jpg,4,vehicle,0.2563,0,194,233,381
ダウンロード (44).jpg,1,vehicle,0.9234,172,377,467,531
ダウンロード (44).jpg,2,vehicle,0.8427,1403,321,1636,578
ダウンロード (44).jpg,3,vehicle,0.8099,501,334,827,528
ダウンロード (44).jpg,4,vehicle,0.701,745,353,1034,544
ダウンロード (44).jpg,5,vehicle,0.6926,73,363,336,527
ダウンロード (44).jpg,6,vehicle,0.6636,1583,354,1861,574
ダウンロード (44).jpg,7,vehicle,0.2643,1578,305,1695,351
ダウンロード (48).jpg,1,vehicle,0.7589,0,379,277,626
ダウンロード (48).jpg,2,vehicle,0.3946,0,396,59,528
ダウンロード - 2025-12-11T102246.585.jpg,1,vehicle,0.8923,412,145,679,285
ダウンロード - 2025-12-11T102246.585.jpg,2,vehicle,0.8834,281,167,500,327
ダウンロード - 2025-12-11T102246.585.jpg,3,vehicle,0.8777,555,133,787,252
ダウンロード - 2025-12-11T102246.585.jpg,4,vehicle,0.8568,0,258,181,458
ダウンロード - 2025-12-11T102246.585.jpg,5,vehicle,0.8483,988,97,1124,175
ダウンロード - 2025-12-11T102246.585.jpg,6,vehicle,0.8456,658,114,846,224
ダウンロード - 2025-12-11T102246.585.jpg,7,vehicle,0.8259,742,106,951,212
ダウンロード - 2025-12-11T102246.585.jpg,8,vehicle,0.7766,120,179,337,378
ダウンロード - 2025-12-11T102246.585.jpg,9,vehicle,0.7079,1502,440,1890,687
ダウンロード - 2025-12-11T102246.585.jpg,10,vehicle,0.6935,1152,94,1247,155
ダウンロード - 2025-12-11T102246.585.jpg,11,vehicle,0.6565,833,95,992,191
ダウンロード - 2025-12-11T102246.585.jpg,12,vehicle,0.5857,1057,91,1192,159
ダウンロード - 2025-12-11T102246.585.jpg,13,vehicle,0.4897,1521,357,1864,524
ダウンロード (70).jpg,1,person,0.9007,1285,579,1624,1074
ダウンロード (70).jpg,2,vehicle,0.8371,1095,371,1878,760
ダウンロード (70).jpg,3,vehicle,0.83,1281,486,1919,1014
ダウンロード (70).jpg,4,vehicle,0.6672,942,330,1043,401
ダウンロード (70).jpg,5,vehicle,0.6353,1372,910,1916,1074
ダウンロード (70).jpg,6,vehicle,0.5172,729,328,819,395
ダウンロード (70).jpg,7,vehicle,0.3307,663,309,797,380
ダウンロード - 2025-12-11T100715.738.jpg,1,vehicle,0.8176,4,363,488,578
ダウンロード - 2025-12-11T100715.738.jpg,2,person,0.7927,191,711,437,1075
ダウンロード - 2025-12-11T100715.738.jpg,3,vehicle,0.7263,5,531,761,1069
ダウンロード - 2025-12-11T100715.738.jpg,4,vehicle,0.6983,983,83,1158,209
ダウンロード - 2025-12-11T100715.738.jpg,5,vehicle,0.6274,577,109,656,168
ダウンロード - 2025-12-11T100715.738.jpg,6,vehicle,0.5828,849,78,1062,197
ダウンロード - 2025-12-11T100715.738.jpg,7,vehicle,0.549,1101,67,1382,255
ダウンロード - 2025-12-11T100715.738.jpg,8,vehicle,0.5028,1438,214,1726,347
ダウンロード - 2025-12-11T100715.738.jpg,9,person,0.4967,1462,802,1859,1075
ダウンロード - 2025-12-11T100715.738.jpg,10,vehicle,0.4892,1781,124,1921,205
ダウンロード - 2025-12-11T100715.738.jpg,11,vehicle,0.4789,481,112,551,191
ダウンロード - 2025-12-11T100715.738.jpg,12,vehicle,0.4462,28,278,597,506
ダウンロード - 2025-12-11T100715.738.jpg,13,vehicle,0.4392,403,138,491,266
ダウンロード - 2025-12-11T100715.738.jpg,14,vehicle,0.3948,1726,187,1918,306
ダウンロード - 2025-12-11T100715.738.jpg,15,vehicle,0.3925,762,60,934,162
ダウンロード - 2025-12-11T100715.738.jpg,16,vehicle,0.3723,1193,113,1395,288
ダウンロード - 2025-12-11T100715.738.jpg,17,vehicle,0.3052,1118,66,1376,153
ダウンロード - 2025-12-11T100715.738.jpg,18,vehicle,0.2972,1658,91,1728,124
ダウンロード - 2025-12-11T100715.738.jpg,19,vehicle,0.2908,821,0,877,29
ダウンロード - 2025-12-11T100715.738.jpg,20,vehicle,0.2832,836,88,966,183
ダウンロード (76).jpg,1,vehicle,0.9031,420,244,698,375
ダウンロード (76).jpg,2,vehicle,0.7259,629,187,903,286
ダウンロード (76).jpg,3,vehicle,0.581,831,150,1034,257
ダウンロード (76).jpg,4,vehicle,0.5663,232,266,540,437
ダウンロード (76).jpg,5,vehicle,0.5526,1679,846,1919,1077
ダウンロード (76).jpg,6,vehicle,0.5075,1044,141,1145,221
ダウンロード (76).jpg,7,vehicle,0.3151,1457,153,1498,185
ダウンロード (76).jpg,8,vehicle,0.2538,1176,132,1296,201
ダウンロード - 2025-12-11T101901.144.jpg,1,vehicle,0.8868,346,227,495,375
ダウンロード - 2025-12-11T101901.144.jpg,2,vehicle,0.868,523,189,676,343
ダウンロード - 2025-12-11T101901.144.jpg,3,vehicle,0.864,1788,451,1918,623
ダウンロード - 2025-12-11T101901.144.jpg,4,vehicle,0.8557,687,185,837,315
ダウンロード - 2025-12-11T101901.144.jpg,5,vehicle,0.8141,1463,153,1634,249
ダウンロード - 2025-12-11T101901.144.jpg,6,vehicle,0.7487,1721,172,1844,252
ダウンロード - 2025-12-11T101901.144.jpg,7,vehicle,0.7458,1461,177,1527,251
ダウンロード - 2025-12-11T101901.144.jpg,8,vehicle,0.535,1825,173,1917,250
ダウンロード - 2025-12-11T101901.144.jpg,9,vehicle,0.2784,1008,144,1122,170
ダウンロード - 2025-12-11T101901.144.jpg,10,vehicle,0.2674,859,147,984,179
ダウンロード (58).jpg,1,vehicle,0.898,1119,132,1467,354
ダウンロード (58).jpg,2,vehicle,0.8611,859,101,1202,355
ダウンロード (58).jpg,3,vehicle,0.8224,572,91,1004,433
ダウンロード (58).jpg,4,vehicle,0.7671,30,249,125,352
ダウンロード (58).jpg,5,vehicle,0.2848,0,258,37,353
ダウンロード - 2025-12-11T095625.908.jpg,1,vehicle,0.9077,869,115,1241,334
ダウンロード - 2025-12-11T095625.908.jpg,2,vehicle,0.8998,642,88,1049,309
ダウンロード - 2025-12-11T095625.908.jpg,3,vehicle,0.8632,0,534,154,734
ダウンロード - 2025-12-11T095625.908.jpg,4,person,0.7251,1720,378,1892,844
ダウンロード - 2025-12-11T095625.908.jpg,5,vehicle,0.7085,0,679,205,1068
ダウンロード - 2025-12-11T095625.908.jpg,6,vehicle,0.609,589,90,850,242
ダウンロード - 2025-12-11T095625.908.jpg,7,vehicle,0.5238,1705,60,1753,103
ダウンロード - 2025-12-11T095625.908.jpg,8,vehicle,0.4181,1775,88,1813,118
ダウンロード - 2025-12-11T095625.908.jpg,9,vehicle,0.3574,0,455,63,539
ダウンロード - 2025-12-11T095625.908.jpg,10,vehicle,0.3155,543,99,734,205
ダウンロード (36).jpg,1,vehicle,0.7423,1404,258,1627,400
ダウンロード (36).jpg,2,vehicle,0.7078,243,408,493,641
ダウンロード (36).jpg,3,vehicle,0.7068,770,291,1123,526
ダウンロード (36).jpg,4,vehicle,0.5883,1,452,264,688
ダウンロード (36).jpg,5,vehicle,0.5836,1556,254,1733,382
ダウンロード (36).jpg,6,vehicle,0.5323,1377,267,1520,413
ダウンロード (36).jpg,7,vehicle,0.3133,1706,247,1848,359
ダウンロード (36).jpg,8,vehicle,0.2812,114,351,279,463
ダウンロード (90).jpg,1,vehicle,0.9297,615,134,1037,399
ダウンロード (90).jpg,2,vehicle,0.908,1101,93,1425,287
ダウンロード (90).jpg,3,vehicle,0.8815,844,108,1279,331
ダウンロード (90).jpg,4,vehicle,0.7808,1213,72,1477,244
ダウンロード (90).jpg,5,vehicle,0.6742,1501,89,1648,232
ダウンロード (90).jpg,6,vehicle,0.6536,1375,71,1581,237
ダウンロード (90).jpg,7,vehicle,0.5835,1604,106,1743,227
ダウンロード (90).jpg,8,vehicle,0.5607,1740,117,1829,205
ダウンロード (90).jpg,9,vehicle,0.472,1658,107,1780,211
ダウンロード (41).jpg,1,person,0.8751,1596,906,1811,1077
ダウンロード (41).jpg,2,vehicle,0.8121,1293,353,1560,501
ダウンロード (41).jpg,3,vehicle,0.7932,645,372,962,570
ダウンロード (41).jpg,4,vehicle,0.6493,469,357,718,613
ダウンロード (41).jpg,5,vehicle,0.531,1138,354,1391,500
ダウンロード (41).jpg,6,vehicle,0.5176,1415,347,1640,479
ダウンロード (41).jpg,7,vehicle,0.2985,1675,409,1750,471
ダウンロード (41).jpg,8,vehicle,0.2971,639,320,777,367
ダウンロード (17).jpg,1,vehicle,0.9074,728,102,1090,460
ダウンロード (17).jpg,2,vehicle,0.8788,369,150,709,492
ダウンロード (17).jpg,3,person,0.8507,25,449,269,892
ダウンロード (17).jpg,4,vehicle,0.8154,1701,68,1918,335
ダウンロード (17).jpg,5,vehicle,0.7994,0,218,408,587
ダウンロード (64).jpg,1,vehicle,0.8774,699,321,1142,628
ダウンロード (64).jpg,2,vehicle,0.7544,1836,378,1918,484
ダウンロード (64).jpg,3,vehicle,0.7036,575,368,831,592
ダウンロード (64).jpg,4,vehicle,0.6994,1405,366,1730,723
ダウンロード (64).jpg,5,vehicle,0.4004,370,528,601,625
ダウンロード - 2025-12-11T095516.832.jpg,1,vehicle,0.9437,853,429,1919,1065
ダウンロード - 2025-12-11T095516.832.jpg,2,vehicle,0.902,1059,312,1702,554
ダウンロード - 2025-12-11T095516.832.jpg,3,vehicle,0.8994,1009,254,1472,468
ダウンロード - 2025-12-11T095516.832.jpg,4,vehicle,0.803,1,303,245,442
ダウンロード - 2025-12-11T095516.832.jpg,5,vehicle,0.746,254,225,446,341
ダウンロード - 2025-12-11T095516.832.jpg,6,vehicle,0.7334,920,192,1387,375
ダウンロード - 2025-12-11T095516.832.jpg,7,vehicle,0.6851,1202,720,1917,1071
ダウンロード - 2025-12-11T095516.832.jpg,8,vehicle,0.677,0,405,118,515
ダウンロード - 2025-12-11T095516.832.jpg,9,vehicle,0.6572,49,230,326,375
ダウンロード - 2025-12-11T095516.832.jpg,10,vehicle,0.5888,579,139,677,214
ダウンロード - 2025-12-11T095516.832.jpg,11,vehicle,0.5611,473,143,621,223
ダウンロード - 2025-12-11T095516.832.jpg,12,vehicle,0.5281,435,178,537,267
ダウンロード - 2025-12-11T095516.832.jpg,13,vehicle,0.496,426,185,492,280
ダウンロード - 2025-12-11T095516.832.jpg,14,vehicle,0.4719,626,125,709,185
ダウンロード - 2025-12-11T095516.832.jpg,15,vehicle,0.3169,912,196,1089,307
ダウンロード - 2025-12-11T133141.896.jpg,1,vehicle,0.8523,502,273,628,352
ダウンロード - 2025-12-11T133141.896.jpg,2,vehicle,0.8295,627,170,728,238
ダウンロード - 2025-12-11T133141.896.jpg,3,vehicle,0.7121,433,250,544,343
ダウンロード - 2025-12-11T133141.896.jpg,4,vehicle,0.6547,566,154,649,235
ダウンロード - 2025-12-11T105019.801.jpg,1,vehicle,0.8826,560,80,905,245
ダウンロード - 2025-12-11T105019.801.jpg,2,vehicle,0.8269,4,243,315,538
ダウンロード - 2025-12-11T105019.801.jpg,3,vehicle,0.8198,749,72,973,193
ダウンロード - 2025-12-11T105019.801.jpg,4,vehicle,0.7838,404,107,685,299
ダウンロード - 2025-12-11T105019.801.jpg,5,vehicle,0.7142,879,42,1090,157
ダウンロード - 2025-12-11T105019.801.jpg,6,vehicle,0.6993,1001,31,1181,142
ダウンロード - 2025-12-11T105019.801.jpg,7,vehicle,0.6333,865,78,1018,174
ダウンロード - 2025-12-11T105019.801.jpg,8,vehicle,0.6051,1124,41,1244,111
ダウンロード - 2025-12-11T105019.801.jpg,9,vehicle,0.5111,1433,208,1915,612
ダウンロード - 2025-12-11T105019.801.jpg,10,vehicle,0.4683,1248,35,1363,87
ダウンロード - 2025-12-11T105019.801.jpg,11,vehicle,0.3908,1241,39,1311,93
ダウンロード - 2025-12-11T105019.801.jpg,12,vehicle,0.3468,1161,40,1297,103
ダウンロード - 2025-12-11T105019.801.jpg,13,vehicle,0.27,1473,177,1551,238
ダウンロード - 2025-12-11T105019.801.jpg,14,vehicle,0.2692,1080,38,1214,129
ダウンロード - 2025-12-11T105019.801.jpg,15,vehicle,0.257,233,956,381,1079
